<?xml version="1.0" encoding="UTF-8"?>
<sequence name="RecaptchaOutSequence" trace="disable" xmlns="http://ws.apache.org/ns/synapse">
  <log level="full" separator="-------Recieved Response from Google--------"/>
  <call-template description="" target="gov:com/commons/util/v1/templates/LoggerTemplate.xml">
    <with-param name="SequenceName" value="RecaptchaOutSequence"/>
    <with-param name="Message" value="Response is received by Recaptcha Management API"/>
    <with-param name="LogLevel" value="INFO"/>
  </call-template>
  <switch source="//*[local-name()='success']">
    <case regex="true">
      <log level="full" separator="----===Recaptcha is Successfully Verified===-----"/>
      <property name="HTTP_SC" scope="axis2" type="STRING" value="200"/>
    </case>
    <case regex="false">
      <log level="full" separator="----===Timeout or duplicate Response===-----"/>
    </case>
    <default>
      <log level="full" separator="----==== Invalid Response ====----"/>
      <property name="HTTP_SC" scope="axis2" type="STRING" value="500"/>
    </default>
  </switch>
  <respond/>
</sequence>
