<?xml version="1.0" encoding="UTF-8"?>
<sequence name="RecaptchaInSequence" trace="disable" xmlns="http://ws.apache.org/ns/synapse">
  <log level="full" separator="---== Request received by Recaptcha Insequence==---"/>
  <call-template description="" target="gov:com/commons/util/v1/templates/LoggerTemplate.xml">
    <with-param name="SequenceName" value="RecaptchaInSequence"/>
    <with-param name="Message" value="Request is received by Recaptcha Management API"/>
    <with-param name="LogLevel" value="INFO"/>
  </call-template>
  <property description="uri.var.secretkey" name="uri.var.secretkey"
    scope="default" type="STRING" value="6LdKJyYUAAAAAHB7Mh7yPQK2xPvnSLwYAmYmhrab"/>
  <property description="uri.var.response"
    expression="//*[local-name()='g-recaptcha-response']"
    name="uri.var.response" scope="default" type="STRING"/>
  <log level="full" separator="---==Received Recaptcha String Response==---">
    <property expression="//*[local-name()='g-recaptcha-response']" name="uri.var.response"/>
  </log>
  <sequence key="SendRecaptchaResponseToGoogle"/>
</sequence>
