<?xml version="1.0" encoding="UTF-8"?><artifacts>
    <artifact name="ErrorQueueEndpoint" groupId="nl.weintegrate.wealert.services.clientmanagement.wso2.resource" version="1.0.0" type="registry/resource" serverRole="EnterpriseServiceBus">
        <item>
            <file>ErrorQueueEndpoint.xml</file>
            <path>/_system/governance/nl/weintegrate/wealert/service/clientmanagement/v1/endpoint</path>
            <mediaType>application/vnd.wso2.esb.endpoint</mediaType>
        </item>
    </artifact>
    <artifact name="CreateUserIAMEndpoint" groupId="nl.weintegrate.wealert.services.clientmanagement.wso2.resource" version="1.0.0" type="registry/resource" serverRole="EnterpriseServiceBus">
        <item>
            <file>CreateUserIAMEndpoint.xml</file>
            <path>/_system/governance/nl/weintegrate/wealert/service/clientmanagement/v1/endpoint</path>
            <mediaType>application/vnd.wso2.esb.endpoint</mediaType>
        </item>
    </artifact>
    <artifact name="CreateUserCDMRequestToIAMRequest" groupId="nl.weintegrate.wealert.services.clientmanagement.wso2.resource" version="1.0.0" type="registry/resource" serverRole="EnterpriseServiceBus">
        <item>
            <file>CreateUserCDMRequestToIAMRequest.xslt</file>
            <path>/_system/governance/nl/weintegrate/wealert/service/clientmanagement/v1/xslt</path>
            <mediaType>application/xslt+xml</mediaType>
        </item>
    </artifact>
    <artifact name="CreateUserIAMResponseToCDMResponse" groupId="nl.weintegrate.wealert.services.clientmanagement.wso2.resource" version="1.0.0" type="registry/resource" serverRole="EnterpriseServiceBus">
        <item>
            <file>CreateUserIAMResponseToCDMResponse.xslt</file>
            <path>/_system/governance/nl/weintegrate/wealert/service/clientmanagement/v1/xslt</path>
            <mediaType>application/xslt+xml</mediaType>
        </item>
    </artifact>
    <artifact name="DeleteUserIAMEndpoint" groupId="nl.weintegrate.wealert.services.clientmanagement.wso2.resource" version="1.0.0" type="registry/resource" serverRole="EnterpriseServiceBus">
        <item>
            <file>DeleteUserIAMEndpoint.xml</file>
            <path>/_system/governance/nl/weintegrate/wealert/service/clientmanagement/v1/endpoint</path>
            <mediaType>application/vnd.wso2.esb.endpoint</mediaType>
        </item>
    </artifact>
    <artifact name="DeleteUserCDMRequestToIAMRequest" groupId="nl.weintegrate.wealert.services.clientmanagement.wso2.resource" version="1.0.0" type="registry/resource" serverRole="EnterpriseServiceBus">
        <item>
            <file>DeleteUserCDMRequestToIAMRequest.xslt</file>
            <path>/_system/governance/nl/weintegrate/wealert/service/clientmanagement/v1/xslt</path>
            <mediaType>application/xslt+xml</mediaType>
        </item>
    </artifact>
    <artifact name="DeleteUserIAMResponseToCDMResponse" groupId="nl.weintegrate.wealert.services.clientmanagement.wso2.resource" version="1.0.0" type="registry/resource" serverRole="EnterpriseServiceBus">
        <item>
            <file>DeleteUserIAMResponseToCDMResponse.xslt</file>
            <path>/_system/governance/nl/weintegrate/wealert/service/clientmanagement/v1/xslt</path>
            <mediaType>application/xslt+xml</mediaType>
        </item>
    </artifact>
    <artifact name="UpdateUserIAMEndpoint" groupId="nl.weintegrate.wealert.services.clientmanagement.wso2.resource" version="1.0.0" type="registry/resource" serverRole="EnterpriseServiceBus">
        <item>
            <file>UpdateUserIAMEndpoint.xml</file>
            <path>/_system/governance/nl/weintegrate/wealert/service/clientmanagement/v1/endpoint</path>
            <mediaType>application/vnd.wso2.esb.endpoint</mediaType>
        </item>
    </artifact>
    <artifact name="UpdateUserCDMRequestToIAMRequest" groupId="nl.weintegrate.wealert.services.clientmanagement.wso2.resource" version="1.0.0" type="registry/resource" serverRole="EnterpriseServiceBus">
        <item>
            <file>UpdateUserCDMRequestToIAMRequest.xslt</file>
            <path>/_system/governance/nl/weintegrate/wealert/service/clientmanagement/v1/xslt</path>
            <mediaType>application/xslt+xml</mediaType>
        </item>
    </artifact>
    <artifact name="UpdateUserIAMResponseToCDMResponse" groupId="nl.weintegrate.wealert.services.clientmanagement.wso2.resource" version="1.0.0" type="registry/resource" serverRole="EnterpriseServiceBus">
        <item>
            <file>UpdateUserIAMResponseToCDMResponse.xslt</file>
            <path>/_system/governance/nl/weintegrate/wealert/service/clientmanagement/v1/xslt</path>
            <mediaType>application/xslt+xml</mediaType>
        </item>
    </artifact>
    <artifact name="CreateClientIAMEndpoint" groupId="nl.weintegrate.wealert.services.clientmanagement.wso2.resource" version="1.0.0" type="registry/resource" serverRole="EnterpriseServiceBus">
        <item>
            <file>CreateClientIAMEndpoint.xml</file>
            <path>/_system/governance/nl/weintegrate/wealert/service/clientmanagement/v1/endpoint</path>
            <mediaType>application/vnd.wso2.esb.endpoint</mediaType>
        </item>
    </artifact>
    <artifact name="CreateClientCDMRequestToIAMRequest" groupId="nl.weintegrate.wealert.services.clientmanagement.wso2.resource" version="1.0.0" type="registry/resource" serverRole="EnterpriseServiceBus">
        <item>
            <file>CreateClientCDMRequestToIAMRequest.xslt</file>
            <path>/_system/governance/nl/weintegrate/wealert/service/clientmanagement/v1/xslt</path>
            <mediaType>application/xslt+xml</mediaType>
        </item>
    </artifact>
    <artifact name="CreateClientIAMResponseToCDMResponse" groupId="nl.weintegrate.wealert.services.clientmanagement.wso2.resource" version="1.0.0" type="registry/resource" serverRole="EnterpriseServiceBus">
        <item>
            <file>CreateClientIAMResponseToCDMResponse.xslt</file>
            <path>/_system/governance/nl/weintegrate/wealert/service/clientmanagement/v1/xslt</path>
            <mediaType>application/xslt+xml</mediaType>
        </item>
    </artifact>
    <artifact name="UpdateClientIAMEndpoint" groupId="nl.weintegrate.wealert.services.clientmanagement.wso2.resource" version="1.0.0" type="registry/resource" serverRole="EnterpriseServiceBus">
        <item>
            <file>UpdateClientIAMEndpoint.xml</file>
            <path>/_system/governance/nl/weintegrate/wealert/service/clientmanagement/v1/endpoint</path>
            <mediaType>application/vnd.wso2.esb.endpoint</mediaType>
        </item>
    </artifact>
    <artifact name="UpdateClientCDMRequestToIAMRequest" groupId="nl.weintegrate.wealert.services.clientmanagement.wso2.resource" version="1.0.0" type="registry/resource" serverRole="EnterpriseServiceBus">
        <item>
            <file>UpdateClientCDMRequestToIAMRequest.xslt</file>
            <path>/_system/governance/nl/weintegrate/wealert/service/clientmanagement/v1/xslt</path>
            <mediaType>application/xslt+xml</mediaType>
        </item>
    </artifact>
    <artifact name="UpdateClientIAMResponseToCDMResponse" groupId="nl.weintegrate.wealert.services.clientmanagement.wso2.resource" version="1.0.0" type="registry/resource" serverRole="EnterpriseServiceBus">
        <item>
            <file>UpdateClientIAMResponseToCDMResponse.xslt</file>
            <path>/_system/governance/nl/weintegrate/wealert/service/clientmanagement/v1/xslt</path>
            <mediaType>application/xslt+xml</mediaType>
        </item>
    </artifact>
    <artifact name="CreateApplicationGroupIAMEndpoint" groupId="nl.weintegrate.wealert.services.clientmanagement.wso2.resource" version="1.0.0" type="registry/resource" serverRole="EnterpriseServiceBus">
        <item>
            <file>CreateApplicationGroupIAMEndpoint.xml</file>
            <path>/_system/governance/nl/weintegrate/wealert/service/clientmanagement/v1/endpoint</path>
            <mediaType>application/vnd.wso2.esb.endpoint</mediaType>
        </item>
    </artifact>
    <artifact name="CreateApplicationGroupCDMRequestToIAMRequest" groupId="nl.weintegrate.wealert.services.clientmanagement.wso2.resource" version="1.0.0" type="registry/resource" serverRole="EnterpriseServiceBus">
        <item>
            <file>CreateApplicationGroupCDMRequestToIAMRequest.xslt</file>
            <path>/_system/governance/nl/weintegrate/wealert/service/clientmanagement/v1/xslt</path>
            <mediaType>application/xslt+xml</mediaType>
        </item>
    </artifact>
    <artifact name="CreateApplicationGroupIAMResponseToCDMResponse" groupId="nl.weintegrate.wealert.services.clientmanagement.wso2.resource" version="1.0.0" type="registry/resource" serverRole="EnterpriseServiceBus">
        <item>
            <file>CreateApplicationGroupIAMResponseToCDMResponse.xslt</file>
            <path>/_system/governance/nl/weintegrate/wealert/service/clientmanagement/v1/xslt</path>
            <mediaType>application/xslt+xml</mediaType>
        </item>
    </artifact>
    <artifact name="DeleteApplicationGroupIAMEndpoint" groupId="nl.weintegrate.wealert.services.clientmanagement.wso2.resource" version="1.0.0" type="registry/resource" serverRole="EnterpriseServiceBus">
        <item>
            <file>DeleteApplicationGroupIAMEndpoint.xml</file>
            <path>/_system/governance/nl/weintegrate/wealert/service/clientmanagement/v1/endpoint</path>
            <mediaType>application/vnd.wso2.esb.endpoint</mediaType>
        </item>
    </artifact>
    <artifact name="DeleteApplicationGroupCDMRequestToIAMRequest" groupId="nl.weintegrate.wealert.services.clientmanagement.wso2.resource" version="1.0.0" type="registry/resource" serverRole="EnterpriseServiceBus">
        <item>
            <file>DeleteApplicationGroupCDMRequestToIAMRequest.xslt</file>
            <path>/_system/governance/nl/weintegrate/wealert/service/clientmanagement/v1/xslt</path>
            <mediaType>application/xslt+xml</mediaType>
        </item>
    </artifact>
    <artifact name="DeleteApplicationGroupIAMResponseToCDMResponse" groupId="nl.weintegrate.wealert.services.clientmanagement.wso2.resource" version="1.0.0" type="registry/resource" serverRole="EnterpriseServiceBus">
        <item>
            <file>DeleteApplicationGroupIAMResponseToCDMResponse.xslt</file>
            <path>/_system/governance/nl/weintegrate/wealert/service/clientmanagement/v1/xslt</path>
            <mediaType>application/xslt+xml</mediaType>
        </item>
    </artifact>
    <artifact name="AddUserToApplicationGroupIAMEndpoint" groupId="nl.weintegrate.wealert.services.clientmanagement.wso2.resource" version="1.0.0" type="registry/resource" serverRole="EnterpriseServiceBus">
        <item>
            <file>AddUserToApplicationGroupIAMEndpoint.xml</file>
            <path>/_system/governance/nl/weintegrate/wealert/service/clientmanagement/v1/endpoint</path>
            <mediaType>application/vnd.wso2.esb.endpoint</mediaType>
        </item>
    </artifact>
    <artifact name="AddUserToApplicationGroupCDMRequestToIAMRequest" groupId="nl.weintegrate.wealert.services.clientmanagement.wso2.resource" version="1.0.0" type="registry/resource" serverRole="EnterpriseServiceBus">
        <item>
            <file>AddUserToApplicationGroupCDMRequestToIAMRequest.xslt</file>
            <path>/_system/governance/nl/weintegrate/wealert/service/clientmanagement/v1/xslt</path>
            <mediaType>application/xslt+xml</mediaType>
        </item>
    </artifact>
    <artifact name="AddUserToApplicationGroupIAMResponseToCDMResponse" groupId="nl.weintegrate.wealert.services.clientmanagement.wso2.resource" version="1.0.0" type="registry/resource" serverRole="EnterpriseServiceBus">
        <item>
            <file>AddUserToApplicationGroupIAMResponseToCDMResponse.xslt</file>
            <path>/_system/governance/nl/weintegrate/wealert/service/clientmanagement/v1/xslt</path>
            <mediaType>application/xslt+xml</mediaType>
        </item>
    </artifact>
    <artifact name="DeleteUserFromApplicationGroupIAMEndpoint" groupId="nl.weintegrate.wealert.services.clientmanagement.wso2.resource" version="1.0.0" type="registry/resource" serverRole="EnterpriseServiceBus">
        <item>
            <file>DeleteUserFromApplicationGroupIAMEndpoint.xml</file>
            <path>/_system/governance/nl/weintegrate/wealert/service/clientmanagement/v1/endpoint</path>
            <mediaType>application/vnd.wso2.esb.endpoint</mediaType>
        </item>
    </artifact>
    <artifact name="DeleteUserFromApplicationGroupCDMRequestToIAMRequest" groupId="nl.weintegrate.wealert.services.clientmanagement.wso2.resource" version="1.0.0" type="registry/resource" serverRole="EnterpriseServiceBus">
        <item>
            <file>DeleteUserFromApplicationGroupCDMRequestToIAMRequest.xslt</file>
            <path>/_system/governance/nl/weintegrate/wealert/service/clientmanagement/v1/xslt</path>
            <mediaType>application/xslt+xml</mediaType>
        </item>
    </artifact>
    <artifact name="DeleteUserFromApplicationGroupIAMResponseToCDMResponse" groupId="nl.weintegrate.wealert.services.clientmanagement.wso2.resource" version="1.0.0" type="registry/resource" serverRole="EnterpriseServiceBus">
        <item>
            <file>DeleteUserFromApplicationGroupIAMResponseToCDMResponse.xslt</file>
            <path>/_system/governance/nl/weintegrate/wealert/service/clientmanagement/v1/xslt</path>
            <mediaType>application/xslt+xml</mediaType>
        </item>
    </artifact>
    <artifact name="CreateClientJsonToCDMRequest" groupId="nl.weintegrate.wealert.services.clientmanagement.wso2.resource" version="1.0.0" type="registry/resource" serverRole="GovernanceRegistry">
        <item>
            <file>CreateClientJsonToCDMRequest.xslt</file>
            <path>/_system/governance/nl/weintegrate/wealert/service/clientmanagement/v1/xslt</path>
            <mediaType>application/xslt+xml</mediaType>
        </item>
    </artifact>
    <artifact name="CreateClientDataEndpoint" groupId="nl.weintegrate.wealert.services.clientmanagement.wso2.resource" version="1.0.0" type="registry/resource" serverRole="GovernanceRegistry">
        <item>
            <file>CreateClientDataEndpoint.xml</file>
            <path>/_system/governance/nl/weintegrate/wealert/service/clientmanagement/v1/endpoint</path>
            <mediaType>application/vnd.wso2.esb.endpoint</mediaType>
        </item>
    </artifact>
    <artifact name="CreateClientCDMToClientDataRequest" groupId="nl.weintegrate.wealert.services.clientmanagement.wso2.resource" version="1.0.0" type="registry/resource" serverRole="GovernanceRegistry">
        <item>
            <file>CreateClientCDMToClientDataRequest.xslt</file>
            <path>/_system/governance/nl/weintegrate/wealert/service/clientmanagement/v1/xslt</path>
            <mediaType>application/xslt+xml</mediaType>
        </item>
    </artifact>
    <artifact name="CreateClientAdminCDMToClientDataRequest" groupId="nl.weintegrate.wealert.services.clientmanagement.wso2.resource" version="1.0.0" type="registry/resource" serverRole="GovernanceRegistry">
        <item>
            <file>CreateClientAdminCDMToClientDataRequest.xslt</file>
            <path>/_system/governance/nl/weintegrate/wealert/service/clientmanagement/v1/xslt</path>
            <mediaType>application/xslt+xml</mediaType>
        </item>
    </artifact>
    <artifact name="CreateUserDataEndpoint" groupId="nl.weintegrate.wealert.services.clientmanagement.wso2.resource" version="1.0.0" type="registry/resource" serverRole="GovernanceRegistry">
        <item>
            <file>CreateUserDataEndpoint.xml</file>
            <path>/_system/governance/nl/weintegrate/wealert/service/clientmanagement/v1/endpoint</path>
            <mediaType>application/vnd.wso2.esb.endpoint</mediaType>
        </item>
    </artifact>
    <artifact name="ListClientCDMRequestToCDRequest_xslt" groupId="nl.weintegrate.wealert.services.clientmanagement.wso2.resource" version="1.0.0" type="registry/resource" serverRole="GovernanceRegistry">
        <item>
            <file>ListClientCDMRequestToCDRequest.xslt</file>
            <path>/_system/governance/nl/weintegrate/wealert/service/clientmanagement/v1/xslt</path>
            <mediaType>application/xslt+xml</mediaType>
        </item>
    </artifact>
    <artifact name="ListClientCDResponseToCDMResponse_xslt" groupId="nl.weintegrate.wealert.services.clientmanagement.wso2.resource" version="1.0.0" type="registry/resource" serverRole="GovernanceRegistry">
        <item>
            <file>ListClientCDResponseToCDMResponse.xslt</file>
            <path>/_system/governance/nl/weintegrate/wealert/service/clientmanagement/v1/xslt</path>
            <mediaType>application/xslt+xml</mediaType>
        </item>
    </artifact>
    <artifact name="ListClientJsonToCDMRerquest" groupId="nl.weintegrate.wealert.services.clientmanagement.wso2.resource" version="1.0.0" type="registry/resource" serverRole="GovernanceRegistry">
        <item>
            <file>ListClientJsonToCDMRequest.xslt</file>
            <path>/_system/governance/nl/weintegrate/wealert/service/clientmanagement/v1/xslt</path>
            <mediaType>application/xslt+xml</mediaType>
        </item>
    </artifact>
    <artifact name="CreateUserJsonToCDMRequest" groupId="nl.weintegrate.wealert.services.clientmanagement.wso2.resource" version="1.0.0" type="registry/resource" serverRole="GovernanceRegistry">
        <item>
            <file>CreateUserJsonToCDMRequest.xslt</file>
            <path>/_system/governance/nl/weintegrate/wealert/service/clientmanagement/v1/xslt</path>
            <mediaType>application/xslt+xml</mediaType>
        </item>
    </artifact>
    <artifact name="CreateUserCDMToUserDataRequest" groupId="nl.weintegrate.wealert.services.clientmanagement.wso2.resource" version="1.0.0" type="registry/resource" serverRole="GovernanceRegistry">
        <item>
            <file>CreateUserCDMToUserDataRequest.xslt</file>
            <path>/_system/governance/nl/weintegrate/wealert/service/clientmanagement/v1/xslt</path>
            <mediaType>application/xslt+xml</mediaType>
        </item>
    </artifact>
    <artifact name="ListUserCDMRequestToCDRequest_xslt" groupId="nl.weintegrate.wealert.services.clientmanagement.wso2.resource" version="1.0.0" type="registry/resource" serverRole="GovernanceRegistry">
        <item>
            <file>ListUserCDMRequestToCDRequest.xslt</file>
            <path>/_system/governance/nl/weintegrate/wealert/service/clientmanagement/v1/xslt</path>
            <mediaType>application/xslt+xml</mediaType>
        </item>
    </artifact>
    <artifact name="ListUserCDResponseToCDMResponse_xslt" groupId="nl.weintegrate.wealert.services.clientmanagement.wso2.resource" version="1.0.0" type="registry/resource" serverRole="GovernanceRegistry">
        <item>
            <file>ListUserCDResponseToCDMResponse.xslt</file>
            <path>/_system/governance/nl/weintegrate/wealert/service/clientmanagement/v1/xslt</path>
            <mediaType>application/xslt+xml</mediaType>
        </item>
    </artifact>
    <artifact name="ListUserJsonToCDMRequest_xslt" groupId="nl.weintegrate.wealert.services.clientmanagement.wso2.resource" version="1.0.0" type="registry/resource" serverRole="GovernanceRegistry">
        <item>
            <file>ListUserJsonToCDMRequest.xslt</file>
            <path>/_system/governance/nl/weintegrate/wealert/service/clientmanagement/v1/xslt</path>
            <mediaType>application/xslt+xml</mediaType>
        </item>
    </artifact>
    <artifact name="GetUserCDMRequestToCDRequest_xslt" groupId="nl.weintegrate.wealert.services.clientmanagement.wso2.resource" version="1.0.0" type="registry/resource" serverRole="GovernanceRegistry">
        <item>
            <file>GetUserCDMRequestToCDRequest.xslt</file>
            <path>/_system/governance/nl/weintegrate/wealert/service/clientmanagement/v1/xslt</path>
            <mediaType>application/xslt+xml</mediaType>
        </item>
    </artifact>
    <artifact name="GetUserCDResponseToCDMResponse_xslt" groupId="nl.weintegrate.wealert.services.clientmanagement.wso2.resource" version="1.0.0" type="registry/resource" serverRole="GovernanceRegistry">
        <item>
            <file>GetUserCDResponseToCDMResponse.xslt</file>
            <path>/_system/governance/nl/weintegrate/wealert/service/clientmanagement/v1/xslt</path>
            <mediaType>application/xslt+xml</mediaType>
        </item>
    </artifact>
    <artifact name="GetUserJsonToCDMRequest_xslt" groupId="nl.weintegrate.wealert.services.clientmanagement.wso2.resource" version="1.0.0" type="registry/resource" serverRole="GovernanceRegistry">
        <item>
            <file>GetUserJsonToCDMRequest.xslt</file>
            <path>/_system/governance/nl/weintegrate/wealert/service/clientmanagement/v1/xslt</path>
            <mediaType>application/xslt+xml</mediaType>
        </item>
    </artifact>
    <artifact name="DeleteUserCDMRequestToCDRequest_xslt" groupId="nl.weintegrate.wealert.services.clientmanagement.wso2.resource" version="1.0.0" type="registry/resource" serverRole="GovernanceRegistry">
        <item>
            <file>DeleteUserCDMRequestToUDRequest.xslt</file>
            <path>/_system/governance/nl/weintegrate/wealert/service/clientmanagement/v1/xslt</path>
            <mediaType>application/xslt+xml</mediaType>
        </item>
    </artifact>
    <artifact name="DeleteUserCDResponseToCDMResponse_xslt" groupId="nl.weintegrate.wealert.services.clientmanagement.wso2.resource" version="1.0.0" type="registry/resource" serverRole="GovernanceRegistry">
        <item>
            <file>DeleteUserUDResponseToCDMResponse.xslt</file>
            <path>/_system/governance/nl/weintegrate/wealert/service/clientmanagement/v1/xslt</path>
            <mediaType>application/xslt+xml</mediaType>
        </item>
    </artifact>
    <artifact name="DeleteUserJsonToCDMRequest" groupId="nl.weintegrate.wealert.services.clientmanagement.wso2.resource" version="1.0.0" type="registry/resource" serverRole="GovernanceRegistry">
        <item>
            <file>DeleteUserJsonToCDMRequest.xslt</file>
            <path>/_system/governance/nl/weintegrate/wealert/service/clientmanagement/v1/xslt</path>
            <mediaType>application/xslt+xml</mediaType>
        </item>
    </artifact>
    <artifact name="GetClientCDMRequestToCDRequest" groupId="nl.weintegrate.wealert.services.clientmanagement.wso2.resource" version="1.0.0" type="registry/resource" serverRole="GovernanceRegistry">
        <item>
            <file>GetClientCDMRequestToCDRequest.xslt</file>
            <path>/_system/governance/nl/weintegrate/wealert/service/clientmanagement/v1/xslt</path>
            <mediaType>application/xslt+xml</mediaType>
        </item>
    </artifact>
    <artifact name="GetClientCDResponseToCDMResponse" groupId="nl.weintegrate.wealert.services.clientmanagement.wso2.resource" version="1.0.0" type="registry/resource" serverRole="GovernanceRegistry">
        <item>
            <file>GetClientCDResponseToCDMResponse.xslt</file>
            <path>/_system/governance/nl/weintegrate/wealert/service/clientmanagement/v1/xslt</path>
            <mediaType>application/xslt+xml</mediaType>
        </item>
    </artifact>
    <artifact name="CreateApplicationGroupJsonToCDMRequest" groupId="nl.weintegrate.wealert.services.clientmanagement.wso2.resource" version="1.0.0" type="registry/resource" serverRole="GovernanceRegistry">
        <item>
            <file>CreateApplicationGroupJsonToCDMRequest.xslt</file>
            <path>/_system/governance/nl/weintegrate/wealert/service/clientmanagement/v1/xslt</path>
            <mediaType>application/xslt+xml</mediaType>
        </item>
    </artifact>
    <artifact name="ApplicationGroupDataEndpoint" groupId="nl.weintegrate.wealert.services.clientmanagement.wso2.resource" version="1.0.0" type="registry/resource" serverRole="GovernanceRegistry">
        <item>
            <file>ApplicationGroupDataEndpoint.xml</file>
            <path>/_system/governance/nl/weintegrate/wealert/service/clientmanagement/v1/endpoint</path>
            <mediaType>application/vnd.wso2.esb.endpoint</mediaType>
        </item>
    </artifact>
    <artifact name="CreateApplicationGroupCDMToApplicationGroupDataRequest" groupId="nl.weintegrate.wealert.services.clientmanagement.wso2.resource" version="1.0.0" type="registry/resource" serverRole="GovernanceRegistry">
        <item>
            <file>CreateApplicationGroupCDMToApplicationGroupDataRequest.xslt</file>
            <path>/_system/governance/nl/weintegrate/wealert/service/clientmanagement/v1/xslt</path>
            <mediaType>application/xslt+xml</mediaType>
        </item>
    </artifact>
    <artifact name="AssignUserToApplicationGroupJsonToCDMRequest" groupId="nl.weintegrate.wealert.services.clientmanagement.wso2.resource" version="1.0.0" type="registry/resource" serverRole="GovernanceRegistry">
        <item>
            <file>AssignUserToApplicationGroupJsonToCDMRequest.xslt</file>
            <path>/_system/governance/nl/weintegrate/wealert/service/clientmanagement/v1/xslt</path>
            <mediaType>application/xslt+xml</mediaType>
        </item>
    </artifact>
    <artifact name="AssignUserToApplicationGroupCDMToApplicationGroupDataRequest" groupId="nl.weintegrate.wealert.services.clientmanagement.wso2.resource" version="1.0.0" type="registry/resource" serverRole="GovernanceRegistry">
        <item>
            <file>AssignUserToApplicationGroupCDMToApplicationGroupDataRequest.xslt</file>
            <path>/_system/governance/nl/weintegrate/wealert/service/clientmanagement/v1/xslt/</path>
            <mediaType>application/xslt+xml</mediaType>
        </item>
    </artifact>
    <artifact name="DeleteUserFromApplicationGroupCDMToApplicationGroupDataRequest" groupId="nl.weintegrate.wealert.services.clientmanagement.wso2.resource" version="1.0.0" type="registry/resource" serverRole="GovernanceRegistry">
        <item>
            <file>DeleteUserFromApplicationGroupCDMToApplicationGroupDataRequest.xslt</file>
            <path>/_system/governance/nl/weintegrate/wealert/service/clientmanagement/v1/xslt</path>
            <mediaType>application/xslt+xml</mediaType>
        </item>
    </artifact>
    <artifact name="ListApplicationGroupCDMToApplicationGroupDataRequest" groupId="nl.weintegrate.wealert.services.clientmanagement.wso2.resource" version="1.0.0" type="registry/resource" serverRole="GovernanceRegistry">
        <item>
            <file>ListApplicationGroupCDMToApplicationGroupDataRequest.xslt</file>
            <path>/_system/governance/nl/weintegrate/wealert/service/clientmanagement/v1/xslt</path>
            <mediaType>application/xslt+xml</mediaType>
        </item>
    </artifact>
    <artifact name="ListApplicationGroupDataResponseToCDMResponse" groupId="nl.weintegrate.wealert.services.clientmanagement.wso2.resource" version="1.0.0" type="registry/resource" serverRole="GovernanceRegistry">
        <item>
            <file>ListApplicationGroupDataResponseToCDMResponse.xslt</file>
            <path>/_system/governance/nl/weintegrate/wealert/service/clientmanagement/v1/xslt</path>
            <mediaType>application/xslt+xml</mediaType>
        </item>
    </artifact>
    <artifact name="ListApplicationGroupJsonToCDMRequest" groupId="nl.weintegrate.wealert.services.clientmanagement.wso2.resource" version="1.0.0" type="registry/resource" serverRole="GovernanceRegistry">
        <item>
            <file>ListApplicationGroupJsonToCDMRequest.xslt</file>
            <path>/_system/governance/nl/weintegrate/wealert/service/clientmanagement/v1/xslt</path>
            <mediaType>application/xslt+xml</mediaType>
        </item>
    </artifact>
    <artifact name="GetApplicationGroupDataResponseToCDMResponse" groupId="nl.weintegrate.wealert.services.clientmanagement.wso2.resource" version="1.0.0" type="registry/resource" serverRole="GovernanceRegistry">
        <item>
            <file>GetApplicationGroupDataResponseToCDMResponse.xslt</file>
            <path>/_system/governance/nl/weintegrate/wealert/service/clientmanagement/v1/xslt</path>
            <mediaType>application/xslt+xml</mediaType>
        </item>
    </artifact>
    <artifact name="DeleteUserFromApplicationGroupJsonToCDMRequest" groupId="nl.weintegrate.wealert.services.clientmanagement.wso2.resource" version="1.0.0" type="registry/resource" serverRole="GovernanceRegistry">
        <item>
            <file>DeleteUserFromApplicationGroupJsonToCDMRequest.xslt</file>
            <path>/_system/governance/nl/weintegrate/wealert/service/clientmanagement/v1/xslt</path>
            <mediaType>application/xslt+xml</mediaType>
        </item>
    </artifact>
    <artifact name="ListApplicationGroupUserJsonToCDMRequest" groupId="nl.weintegrate.wealert.services.clientmanagement.wso2.resource" version="1.0.0" type="registry/resource" serverRole="GovernanceRegistry">
        <item>
            <file>ListApplicationGroupUserJsonToCDMRequest.xslt</file>
            <path>/_system/governance/nl/weintegrate/wealert/service/clientmanagement/v1/xslt</path>
            <mediaType>application/xslt+xml</mediaType>
        </item>
    </artifact>
    <artifact name="ListApplicationGroupUserDataResponseToCDMResponse_xslt" groupId="nl.weintegrate.wealert.services.clientmanagement.wso2.resource" version="1.0.0" type="registry/resource" serverRole="GovernanceRegistry">
        <item>
            <file>ListApplicationGroupUserDataResponseToCDMResponse.xslt</file>
            <path>/_system/governance/nl/weintegrate/wealert/service/clientmanagement/v1/xslt</path>
            <mediaType>application/xslt+xml</mediaType>
        </item>
    </artifact>
    <artifact name="CreateEventSubscriptionEndpoint" groupId="nl.weintegrate.wealert.services.clientmanagement.wso2.resource" version="1.0.0" type="registry/resource" serverRole="GovernanceRegistry">
        <item>
            <file>CreateEventSubscriptionEndpoint.xml</file>
            <path>/_system/governance/nl/weintegrate/wealert/service/clientmanagement/v1/endpoint</path>
            <mediaType>application/vnd.wso2.esb.endpoint</mediaType>
        </item>
    </artifact>
</artifacts>
