<?xml version="1.0" encoding="UTF-8"?>

<mule xmlns:http="http://www.mulesoft.org/schema/mule/http" xmlns:db="http://www.mulesoft.org/schema/mule/db"
	xmlns="http://www.mulesoft.org/schema/mule/core"
	xmlns:doc="http://www.mulesoft.org/schema/mule/documentation" xmlns:xsi="http://www.w3.org/2001/XMLSchema-instance" xsi:schemaLocation="http://www.mulesoft.org/schema/mule/core http://www.mulesoft.org/schema/mule/core/current/mule.xsd
http://www.mulesoft.org/schema/mule/db http://www.mulesoft.org/schema/mule/db/current/mule-db.xsd
http://www.mulesoft.org/schema/mule/http http://www.mulesoft.org/schema/mule/http/current/mule-http.xsd">
	<db:config name="MySQL_Connection" doc:name="Database Config" doc:id="195e350a-21a4-4668-bb0b-f8a9d27e6130" >
		<db:my-sql-connection host="localhost" port="3306" user="root" password="Welcome123" database="GGMDLOAD" />
	</db:config>
	<http:request-config name="graphhopper" doc:name="HTTP Request configuration" doc:id="ef85ef6a-c90c-4d77-98c1-ae97b928f7e0" basePath="/api/1/route" >
		<http:request-connection protocol="HTTPS" host="graphhopper.com" />
	</http:request-config>
	<sub-flow name="calculate_routes" doc:id="8f1988eb-ce53-4a18-b432-4c4eb958213b" >
		<db:select doc:name="Select" doc:id="c96fad68-38c1-4cfd-834c-6578941ff57b" config-ref="MySQL_Connection">
			<db:sql >SELECT * FROM GGMDRULES.routes_to_be_calculated;</db:sql>
		</db:select>
		<foreach doc:name="For Each" doc:id="10c89ba6-5301-4e82-bc1d-b77764cb7ba3" collection="payload">
			<set-variable value="#[payload.idA]" doc:name="Set Variable" doc:id="bfa674c7-dfe7-4ed5-8571-97159df92919" variableName="idA"/>
			<set-variable value="#[payload.idB]" doc:name="Set Variable" doc:id="63bf6789-29d6-456b-86dc-34a86171d722" variableName="idB"/>
			<http:request method="GET" doc:name="Request" doc:id="569ee181-2af8-4d5c-8f20-ac8b51e83273" config-ref="graphhopper" path="#['?point=' ++ payload.latA ++ ',' ++ payload.longA ++ '&amp;point=' ++ payload.latB ++ ',' ++ payload.longB ++ '&amp;vehicle=car&amp;locale=nl&amp;calc_points=false&amp;key=5047a538-f40b-4cb0-95d6-60b039ce96ec']"/>
			<db:stored-procedure doc:name="Stored procedure" doc:id="7caac8e9-fad9-4e1d-9807-7a45cf9b8b4d" config-ref="MySQL_Connection">
				<db:sql >call GGMDLOAD.load_calculated_routes(
:idA,
:idB, 
:vehicle, 
:distance, 
:time);</db:sql>
				<db:input-parameters ><![CDATA[#[{
	idA:vars.idA,
	idB:vars.idB,
	vehicle:'car',
	distance:payload.paths[0].distance,
	time:payload.paths[0].time
}]]]></db:input-parameters>
			</db:stored-procedure>
		</foreach>
	</sub-flow>
	<sub-flow name="truncate_calculated_routes" doc:id="1130bd98-7b74-47a8-8d7f-715c980bdd6a" >
		<db:stored-procedure doc:name="Stored procedure" doc:id="30e32fd5-ed1e-4919-8746-edb18a6e418d" config-ref="MySQL_Connection">
			<db:sql >call GGMDLOAD.truncate_load_s_calculated_routes();</db:sql>
		</db:stored-procedure>
	</sub-flow>
	<flow name="route_calculating_serviceFlow" doc:id="5152f6e7-fb27-4ff1-8480-3a517fe674db" >
		<scheduler doc:name="Scheduler" doc:id="edecc9c6-56af-4ed5-a3ca-186a279d755c" >
			<scheduling-strategy >
				<cron expression="0 0 11 ? * *"/>
			</scheduling-strategy>
		</scheduler>
		<flow-ref doc:name="Flow Reference" doc:id="33ce89e0-c8f2-4e11-ada7-7af841e70050" name="truncate_calculated_routes" />
		<flow-ref doc:name="Flow Reference" doc:id="95858f6f-6b27-4541-b080-96a753347d28" name="calculate_routes" />
	</flow>
</mule>
