{
  "images" : [
    {
      "idiom" : "iphone",
      "filename" : "Icon-App-29x29@1x.png",
      "scale" : "1x"
    },
    {
      "idiom" : "iphone",
      "filename" : "Icon-App-20x20@2x.png",
      "scale" : "2x"
    },
    {
      "idiom" : "iphone",
      "filename" : "Icon-App-20x20@3x.png",
      "scale" : "3x"
    },
    {
      "idiom" : "ipad",
      "filename" : "Icon-App-20x20@1x.png",
      "scale" : "1x"
    },
    {
      "idiom" : "ipad",
      "filename" : "Icon-App-20x20@2x.png",
      "scale" : "2x"
    },
    {
      "idiom" : "ios-marketing",
      "filename" : "Icon-App-76x76@3x.png",
      "scale" : "1x"
    },
    {
      "idiom" : "ios-marketing",
      "filename" : "ItunesArtwork@2x.png",
      "scale" : "1x"
    },
    {
      "idiom" : "iphone",
      "filename" : "Icon-App-40x40@1x.png",
      "unassigned" : true,
      "scale" : "1x"
    },
    {
      "idiom" : "iphone",
      "filename" : "Icon-App-57x57@1x.png",
      "unassigned" : true,
      "scale" : "1x"
    },
    {
      "idiom" : "iphone",
      "filename" : "Icon-App-60x60@1x.png",
      "unassigned" : true,
      "scale" : "1x"
    },
    {
      "idiom" : "iphone",
      "filename" : "Icon-App-76x76@1x.png",
      "unassigned" : true,
      "scale" : "1x"
    },
    {
      "idiom" : "iphone",
      "filename" : "Icon-App-29x29@2x.png",
      "unassigned" : true,
      "scale" : "2x"
    },
    {
      "idiom" : "iphone",
      "filename" : "Icon-App-40x40@2x.png",
      "unassigned" : true,
      "scale" : "2x"
    },
    {
      "idiom" : "iphone",
      "filename" : "Icon-App-57x57@2x.png",
      "unassigned" : true,
      "scale" : "2x"
    },
    {
      "idiom" : "iphone",
      "filename" : "Icon-App-60x60@2x.png",
      "unassigned" : true,
      "scale" : "2x"
    },
    {
      "idiom" : "iphone",
      "filename" : "Icon-App-29x29@3x.png",
      "unassigned" : true,
      "scale" : "3x"
    },
    {
      "idiom" : "iphone",
      "filename" : "Icon-App-40x40@3x.png",
      "unassigned" : true,
      "scale" : "3x"
    },
    {
      "idiom" : "iphone",
      "filename" : "Icon-App-60x60@3x.png",
      "unassigned" : true,
      "scale" : "3x"
    },
    {
      "idiom" : "ipad",
      "filename" : "Icon-App-29x29@1x.png",
      "unassigned" : true,
      "scale" : "1x"
    },
    {
      "idiom" : "ipad",
      "filename" : "Icon-App-40x40@1x.png",
      "unassigned" : true,
      "scale" : "1x"
    },
    {
      "idiom" : "ipad",
      "filename" : "Icon-App-72x72@1x.png",
      "unassigned" : true,
      "scale" : "1x"
    },
    {
      "idiom" : "ipad",
      "filename" : "Icon-App-76x76@1x.png",
      "unassigned" : true,
      "scale" : "1x"
    },
    {
      "idiom" : "ipad",
      "filename" : "Icon-Small-50x50@1x.png",
      "unassigned" : true,
      "scale" : "1x"
    },
    {
      "idiom" : "ipad",
      "filename" : "Icon-App-29x29@2x.png",
      "unassigned" : true,
      "scale" : "2x"
    },
    {
      "idiom" : "ipad",
      "filename" : "Icon-App-40x40@2x.png",
      "unassigned" : true,
      "scale" : "2x"
    },
    {
      "idiom" : "ipad",
      "filename" : "Icon-App-72x72@2x.png",
      "unassigned" : true,
      "scale" : "2x"
    },
    {
      "idiom" : "ipad",
      "filename" : "Icon-App-76x76@2x.png",
      "unassigned" : true,
      "scale" : "2x"
    },
    {
      "idiom" : "ipad",
      "filename" : "Icon-App-83.5x83.5@2x.png",
      "unassigned" : true,
      "scale" : "2x"
    },
    {
      "idiom" : "ipad",
      "filename" : "Icon-Small-50x50@2x.png",
      "unassigned" : true,
      "scale" : "2x"
    }
  ],
  "info" : {
    "version" : 1,
    "author" : "xcode"
  }
}