<?xml version="1.0" encoding="UTF-8"?>
<api context="/sdb_01" name="SDBMockService" xmlns="http://ws.apache.org/ns/synapse">
    <resource faultSequence="GetMedewerkersFaultSequence" methods="GET" protocol="http" uri-template="/api/medewerkers?Id={Id}">
        <inSequence>
            <sequence key="GetMedewerkersInSequence"/>
        </inSequence>
        <outSequence/>
    </resource>
    <resource faultSequence="GetDienstverbandenFaultSequence" methods="GET" protocol="http" uri-template="/api/dienstverbanden/medewerker?medewerkerId={medewerkerId}">
        <inSequence>
            <sequence key="GetDienstverbandenInSequence"/>
        </inSequence>
        <outSequence/>
    </resource>
    <resource faultSequence="GetFunctiesFaultSequence" methods="GET" protocol="http" uri-template="/api/functies?id={id}">
        <inSequence>
            <sequence key="GetFunctiesInSequence"/>
        </inSequence>
        <outSequence/>
    </resource>
    <resource faultSequence="GetKostenplaatsenFaultSequence" methods="GET" protocol="http" uri-template="/api/kostenplaatsen?Id={Id}">
        <inSequence>
            <sequence key="GetKostenplaatsenInSequence"/>
        </inSequence>
        <outSequence/>
    </resource>
</api>
