<?xml version="1.0" encoding="UTF-8"?>

<mule xmlns:http="http://www.mulesoft.org/schema/mule/http" xmlns:db="http://www.mulesoft.org/schema/mule/db"
	xmlns="http://www.mulesoft.org/schema/mule/core"
	xmlns:doc="http://www.mulesoft.org/schema/mule/documentation" xmlns:xsi="http://www.w3.org/2001/XMLSchema-instance" xsi:schemaLocation="http://www.mulesoft.org/schema/mule/core http://www.mulesoft.org/schema/mule/core/current/mule.xsd
http://www.mulesoft.org/schema/mule/db http://www.mulesoft.org/schema/mule/db/current/mule-db.xsd
http://www.mulesoft.org/schema/mule/http http://www.mulesoft.org/schema/mule/http/current/mule-http.xsd">
	<db:config name="MySQL_database" doc:name="Database Config" doc:id="5e3d6f4a-d9a8-4917-bc6a-af74f3ed61b3" >
		<db:my-sql-connection host="localhost" port="3306" user="root" password="Welcome123" database="GGMDLOAD" />
	</db:config>
	<http:request-config name="google_geo_API" doc:name="HTTP Request configuration" doc:id="9dcbd328-daa4-41f6-9e6b-4552be7a5e9c" basePath="/maps/api/geocode/json" >
		<http:request-connection protocol="HTTPS" host="maps.googleapis.com" />
	</http:request-config>
	<http:request-config name="graphhopper" doc:name="HTTP Request configuration" doc:id="197ea8ee-d783-44a3-a220-e1f96c1bfef8" basePath="/api/1/route" >
		<http:request-connection protocol="HTTPS" host="graphhopper.com" />
	</http:request-config>
	<sub-flow name="get_route_distance" doc:id="eed54d1d-ee3c-435a-bd3c-4b9d2ee84385" >
		<db:select doc:name="Select" doc:id="c8e77b4d-5655-4d5a-a920-580728381872" config-ref="MySQL_database" >
			<db:sql >SELECT * FROM GGMDRULES.routes_to_be_calculated;</db:sql>
		</db:select>
		<foreach doc:name="For Each" doc:id="8da6bd35-57f6-4547-b638-7a73d2b55ea6" collection="payload">
			<set-variable value="#[payload.idA]" doc:name="Set Variable" doc:id="4768809d-5d26-4d83-a6c0-79ce795412a4" variableName="idA"/>
			<set-variable value="#[payload.idB]" doc:name="Set Variable" doc:id="e3a19008-95c1-4fb2-b65d-6bf87c9e024a" variableName="idB"/>
			<http:request method="GET" doc:name="Request" doc:id="c943645a-c3a2-471d-99de-a44cd8d67453" config-ref="graphhopper" path="#['?point=' ++ payload.latA ++ ',' ++ payload.longA ++ '&amp;point=' ++ payload.latB ++ ',' ++ payload.longB ++ '&amp;vehicle=car&amp;locale=nl&amp;calc_points=false&amp;key=5047a538-f40b-4cb0-95d6-60b039ce96ec']"/>
			<db:stored-procedure doc:name="Stored procedure" doc:id="1150ad7f-bc8a-40fd-b3e4-303a97c57acf" config-ref="MySQL_database">
				<db:sql >call GGMDLOAD.load_calculated_routes(
:idA,
:idB, 
:vehicle, 
:distance, 
:time);</db:sql>
				<db:input-parameters ><![CDATA[#[{
	idA:vars.idA,
	idB:vars.idB,
	vehicle:'car',
	distance:payload.paths[0].distance,
	time:payload.paths[0].time
}]]]></db:input-parameters>
			</db:stored-procedure>
		</foreach>
	</sub-flow>
	<sub-flow name="truncate_calculated_routes" doc:id="82a7983f-c6a9-494e-9247-ac481c0868fe" >
		<db:stored-procedure doc:name="Stored procedure" doc:id="0efc2717-77e6-42a9-ba93-5f95b2b718e1" config-ref="MySQL_database" >
			<db:sql >call GGMDLOAD.truncate_load_s_calculated_routes();</db:sql>
		</db:stored-procedure>
	</sub-flow>
	<flow name="calculateRoute_serviceFlow1" doc:id="869dbbc3-997c-4225-b03f-00b3595fcc45" >
		<scheduler doc:name="Scheduler" doc:id="ae9f246c-136d-4853-b610-7e4c545dfc67" >
			<scheduling-strategy >
				<cron expression="0 0 11 ? * *" />
			</scheduling-strategy>
		</scheduler>
		<flow-ref doc:name="Flow Reference" doc:id="94798f02-c1de-4b3a-96b9-bab325449eb7" name="truncate_calculated_routes" />
		<flow-ref doc:name="Flow Reference" doc:id="05947726-222b-4f63-a989-4ba53da87f26" name="get_route_distance" />
	</flow>
	<sub-flow name="get_geocodes" doc:id="58c0041c-f583-4603-93bc-bd02ac9ab843" >
		<db:select doc:name="Select" doc:id="5284f287-cfa7-4e85-aa40-2192220ed12f" config-ref="MySQL_database" >
			<db:sql >select ZenitAddressId, HouseNumber, Street, City, ZipCode, CountryDescription from GGMDRULES._Address;</db:sql>
		</db:select>
		<foreach doc:name="For Each" doc:id="39832e1d-de4d-435d-b507-c164b1f3fc3c" collection="payload">
			<set-variable value="#[payload.ZenitAddressId]" doc:name="Set Variable" doc:id="286751fa-fbfa-4ebe-b6c0-89bc78727d13" variableName="zenitId"/>
			<http:request method="GET" doc:name="Request" doc:id="8220f152-a4a0-4a18-a70b-830c528e9bda" config-ref="google_geo_API" path="#['?address=' ++ payload.HouseNumber ++ '+' ++ payload.Street ++ '+' ++ payload.City ++ ',
+' ++ payload.CountryDescription ++ '&amp;key=AIzaSyCLz__gh0_etkJrsPXr-1ykVAbm-vSXkA0']"/>
			<set-payload value="#[output application/json --- address:{long:payload.lon, lat:payload.lat, zenitId:vars.zenitId}]" doc:name="Set Payload" doc:id="58cd9d48-7c60-49f1-9add-8aabeefe4ac4" />
			<db:stored-procedure doc:name="Stored procedure" doc:id="b0d6e364-3253-482b-8514-0c6790ba3b1e" config-ref="MySQL_database">
				<db:sql >call GGMDLOAD.load_geocodes(
:ZenitAddressId,
:long,
:lat
);</db:sql>
				<db:input-parameters ><![CDATA[#[{
	ZenitAddressId:payload.address.zenitId,
	long:payload.address.long[0],
	lat:payload.address.lat[0]
}]]]></db:input-parameters>
			</db:stored-procedure>
		</foreach>
	</sub-flow>
	<sub-flow name="truncate_geocodes" doc:id="f2c6f36f-2695-44a4-bc78-f22893fd84d2" >
		<db:stored-procedure doc:name="Stored procedure" doc:id="05120442-8a3e-445d-85ec-4bbccd6bba77" config-ref="MySQL_database">
			<db:sql >call GGMDLOAD.truncate_load_s_geocodes();</db:sql>
		</db:stored-procedure>
	</sub-flow>
	<flow name="geoCode_serviceFlow" doc:id="cfd3a604-511c-4155-93c2-7c2c6f6be8b9" >
		<scheduler doc:name="Scheduler" doc:id="429f386f-d55c-4ee0-a76c-5cc139e91d0e" >
			<scheduling-strategy >
				<cron expression="0 0 11 ? * *"/>
			</scheduling-strategy>
		</scheduler>
		<flow-ref doc:name="Flow Reference" doc:id="6d455410-a001-4318-8a6f-b4192763f0af" name="truncate_geocodes" />
		<flow-ref doc:name="Flow Reference" doc:id="bf31c32b-ed10-4c60-b159-d808829f1c1a" name="get_geocodes" />
	</flow>
</mule>
