<?xml version="1.0" encoding="UTF-8"?>

<mule xmlns:db="http://www.mulesoft.org/schema/mule/db" xmlns:http="http://www.mulesoft.org/schema/mule/http"
	xmlns="http://www.mulesoft.org/schema/mule/core"
	xmlns:doc="http://www.mulesoft.org/schema/mule/documentation" xmlns:xsi="http://www.w3.org/2001/XMLSchema-instance" xsi:schemaLocation="http://www.mulesoft.org/schema/mule/core http://www.mulesoft.org/schema/mule/core/current/mule.xsd
http://www.mulesoft.org/schema/mule/http http://www.mulesoft.org/schema/mule/http/current/mule-http.xsd
http://www.mulesoft.org/schema/mule/db http://www.mulesoft.org/schema/mule/db/current/mule-db.xsd">
	<http:listener-config name="listen_to_synchronizes_sdb" doc:name="HTTP Listener config" doc:id="e7b54fbe-0d5f-4cbe-abe5-9d786900568e" >
		<http:listener-connection host="0.0.0.0" port="8066" />
	</http:listener-config>
	<db:config name="dev-sql" doc:name="Database Config" doc:id="84b3edd6-0623-4887-a3fc-c6666738b106" >
		<db:my-sql-connection host="localhost" port="3306" user="root" password="welcome123" database="GGMDLOAD" />
	</db:config>
	<db:config name="local-sql" doc:name="Database Config" doc:id="8dea8cd7-5401-4aca-9271-b1ffe3e6f45e" >
		<db:my-sql-connection host="localhost" port="3306" user="root" password="WorkOracle2019" database="GGMDKPI" />
	</db:config>
	<flow name="medewerkersadressen" doc:id="7387da50-515e-4898-90ad-d43eca5b3092" >
		<http:listener doc:name="Listener" doc:id="602e112c-bf4c-409a-a2e3-8354d7fd2fb7" config-ref="listen_to_synchronizes_sdb" path="/adressen"/>
		<db:stored-procedure doc:name="Stored procedure" doc:id="2b0e8f8b-b57e-44cf-a20f-a8f2c77594d8" config-ref="dev-sql">
			<db:sql >call GGMDLOAD.Load_Medewerkeradressen(
 :medewerkerId,
 :Straatnaam,
 :Postcode,
 :Woonplaats,
 :LandCode2Tekens,
 :LandCode3Tekens,
 :LandISOCode,
 :LandOmschrijving,
 :Huisnummer
 );
</db:sql>
			<db:input-parameters ><![CDATA[#[{
 medewerkerId:payload.Adres.id,
 Straatnaam:payload.Adres.adress.Straatnaam,
 Postcode:payload.Adres.adress.Postcode,
 Woonplaats:payload.Adres.adress.Woonplaats,
 LandCode2Tekens:payload.Adres.adress.Land.Code2Tekens,
 LandCode3Tekens:payload.Adres.adress.Land.Code3Tekens,
 LandISOCode:payload.Adres.adress.Land.ISOCode,
 LandOmschrijving:payload.Adres.adress.Land.Omschrijving,
 Huisnummer:payload.Adres.adress.Huisnummer
}]]]></db:input-parameters>
		</db:stored-procedure>
		<db:stored-procedure doc:name="Stored procedure" doc:id="925fb148-bc45-4ad3-8da3-44705e45a862" config-ref="dev-sql">
			<db:sql >call GGMDLOAD.set_ROW_ID_medewerkersadressen()</db:sql>
		</db:stored-procedure>
	</flow>
	<flow name="loaddienstverbandperiodes" doc:id="9f487fcc-3399-442b-b61f-44beadf2657f" >
		<http:listener doc:name="Listener" doc:id="cbc33d76-0e2e-4600-bf46-5a691bdeb793" config-ref="listen_to_synchronizes_sdb" path="/dienstverbandperiodes"/>
		<db:stored-procedure doc:name="Stored procedure" doc:id="d7e588a0-78ab-4885-bd3f-8ad57abf1431" config-ref="dev-sql">
			<db:sql >call GGMDLOAD.Load_DienstverbandPeriodes(
  :DienstverbandId,
  :PeriodeBeginDatum,
  :PeriodeEindDatum,
  :AfdelingCode,
  :AfdelingOmschrijving,
  :AfdelingEindDatum,
  :AfdelingHoofdAfdelingCode,
  :AfdelingHoodfAfdelingOmschrijving,
  :FunctieCode,
  :FunctieOmschrijving,
  :FunctieKostprijs,
  :FunctieProductiviteitsfactor,
  :FunctieEindDatum,
  :ContractvormCode,
  :ContractvormIsSalaris,
  :ContractvormOmschrijving,
  :UrenPerWeek,
  :UrenPerWeekMax,
  :SchaalTredeId,
  :SchaalTredeSchaal,
  :SchaalTredeTrede,
  :SchaalTredeInpassingCode,
  :SchaalTredeBedrag,
  :SchaalTredeOmschrijving,
  :SchaalTredeBeginDatum,
  :SchaalTredeEindDatum,
  :SalarisNominaal,
  :CAOCode,
  :CAOOmschrijving,
  :Kostensoort1Code,
  :Kostensoort1Omschrijving,
  :Kostensoort1EindDatum,
  :Kostensoort2Code,
  :Kostensoort2Omschrijving,
  :Kostensoort2EindDatum,
  :Kostensoort3Code,
  :Kostensoort3Omschrijving,
  :Kostensoort3EindDatum,
  :Kostensoort4Code,
  :Kostensoort4Omschrijving,
  :Kostensoort4EindDatum,
  :Kostenplaats1Code,
  :Kostenplaats1Omschrijving,
  :Kostenplaats1EindDatum,
  :Kostenplaats2Code,
  :Kostenplaats2Omschrijving,
  :Kostenplaats2EindDatum,
  :Kostenplaats3Code,
  :Kostenplaats3Omschrijving,
  :Kostenplaats3EindDatum,
  :Kostenplaats4Code,
  :Kostenplaats4Omschrijving,
  :Kostenplaats4EindDatum,
  :Kostenverdeling1,
  :Kostenverdeling2,
  :Kostenverdeling3,
  :Kostenverdeling4
);
</db:sql>
			<db:input-parameters ><![CDATA[#[{
  DienstverbandId: payload.DienstverbandPeriode.DienstverbandId,
  PeriodeBeginDatum: payload.DienstverbandPeriode.PeriodeBeginDatum,
  PeriodeEindDatum: payload.DienstverbandPeriode.PeriodeEindDatum,
  AfdelingCode: payload.DienstverbandPeriode.Afdeling.Code,
  AfdelingOmschrijving: payload.DienstverbandPeriode.Afdeling.Omschrijving,
  AfdelingEindDatum: payload.DienstverbandPeriode.Afdeling.EindDatum,
  AfdelingHoofdAfdelingCode: payload.DienstverbandPeriode.Afdeling.HoofdAfdeling.Code,
  AfdelingHoodfAfdelingOmschrijving: payload.DienstverbandPeriode.Afdeling.HoodfAfdeling.Omschrijving,
  FunctieCode: payload.DienstverbandPeriode.Functie.Code,
  FunctieOmschrijving: payload.DienstverbandPeriode.Functie.Omschrijving,
  FunctieKostprijs: payload.DienstverbandPeriode.Functie.Kostprijs,
  FunctieProductiviteitsfactor: payload.DienstverbandPeriode.Functie.Productiviteitsfactor,
  FunctieEindDatum: payload.DienstverbandPeriode.Functie.EindDatum,
  ContractvormCode: payload.DienstverbandPeriode.Contractvorm.Code,
  ContractvormIsSalaris: payload.DienstverbandPeriode.Contractvorm.IsSalaris,
  ContractvormOmschrijving: payload.DienstverbandPeriode.Contractvorm.Omschrijving,
  UrenPerWeek: payload.DienstverbandPeriode.UrenPerWeek,
  UrenPerWeekMax: payload.DienstverbandPeriode.UrenPerWeekMax,
  SchaalTredeId: payload.DienstverbandPeriode.SchaalTrede.Id,
  SchaalTredeSchaal: payload.DienstverbandPeriode.SchaalTrede.Schaal,
  SchaalTredeTrede: payload.DienstverbandPeriode.SchaalTrede.Trede,
  SchaalTredeInpassingCode: payload.DienstverbandPeriode.SchaalTrede.InpassingCode,
  SchaalTredeBedrag: payload.DienstverbandPeriode.SchaalTrede.Bedrag,
  SchaalTredeOmschrijving: payload.DienstverbandPeriode.SchaalTrede.Omschrijving,
  SchaalTredeBeginDatum: payload.DienstverbandPeriode.SchaalTrede.BeginDatum,
  SchaalTredeEindDatum: payload.DienstverbandPeriode.SchaalTrede.EindDatum,
  SalarisNominaal: payload.DienstverbandPeriode.SalarisNominaal,
  CAOCode: payload.DienstverbandPeriode.CAO.Code,
  CAOOmschrijving: payload.DienstverbandPeriode.CAO.Omschrijving,
  Kostensoort1Code: payload.DienstverbandPeriode.Kostensoort1.Code,
  Kostensoort1Omschrijving: payload.DienstverbandPeriode.Kostensoort1.Omschrijving,
  Kostensoort1EindDatum: payload.DienstverbandPeriode.Kostensoort1.EindDatum,
  Kostensoort2Code: payload.DienstverbandPeriode.Kostensoort2.Code,
  Kostensoort2Omschrijving: payload.DienstverbandPeriode.Kostensoort2.Omschrijving,
  Kostensoort2EindDatum: payload.DienstverbandPeriode.Kostensoort2.EindDatum,
  Kostensoort3Code: payload.DienstverbandPeriode.Kostensoort3.Code,
  Kostensoort3Omschrijving: payload.DienstverbandPeriode.Kostensoort3.Omschrijving,
  Kostensoort3EindDatum: payload.DienstverbandPeriode.Kostensoort3.EindDatum,
  Kostensoort4Code: payload.DienstverbandPeriode.Kostensoort4.Code,
  Kostensoort4Omschrijving: payload.DienstverbandPeriode.Kostensoort4.Omschrijving,
  Kostensoort4EindDatum: payload.DienstverbandPeriode.Kostensoort4.EindDatum,
  Kostenplaats1Code: payload.DienstverbandPeriode.Kostenplaats1.Code,
  Kostenplaats1Omschrijving: payload.DienstverbandPeriode.Kostenplaats1.Omschrijving,
  Kostenplaats1EindDatum: payload.DienstverbandPeriode.Kostenplaats1.EindDatum,
  Kostenplaats2Code: payload.DienstverbandPeriode.Kostenplaats2.Code,
  Kostenplaats2Omschrijving: payload.DienstverbandPeriode.Kostenplaats2.Omschrijving,
  Kostenplaats2EindDatum: payload.DienstverbandPeriode.Kostenplaats2.EindDatum,
  Kostenplaats3Code: payload.DienstverbandPeriode.Kostenplaats3.Code,
  Kostenplaats3Omschrijving: payload.DienstverbandPeriode.Kostenplaats3.Omschrijving,
  Kostenplaats3EindDatum: payload.DienstverbandPeriode.Kostenplaats3.EindDatum,
  Kostenplaats4Code: payload.DienstverbandPeriode.Kostenplaats4.Code,
  Kostenplaats4Omschrijving: payload.DienstverbandPeriode.Kostenplaats4.Omschrijving,
  Kostenplaats4EindDatum: payload.DienstverbandPeriode.Kostenplaats4.EindDatum,
  Kostenverdeling1: payload.DienstverbandPeriode.Kostenverdeling1,
  Kostenverdeling2: payload.DienstverbandPeriode.Kostenverdeling2,
  Kostenverdeling3: payload.DienstverbandPeriode.Kostenverdeling3,
  Kostenverdeling4: payload.DienstverbandPeriode.Kostenverdeling4
}]]]></db:input-parameters>
		</db:stored-procedure>
		<db:stored-procedure doc:name="Stored procedure" doc:id="e484efd2-e52a-4bde-b29d-988b01e505cf" config-ref="dev-sql">
			<db:sql >call GGMDLOAD.set_ROW_ID_dienstverbandperiodes()</db:sql>
		</db:stored-procedure>
	</flow>
	<flow name="loaddienstverbanden" doc:id="672993de-a6a8-483e-88ed-4e942a1d2929" >
		<http:listener doc:name="Listener" doc:id="55d159d1-a0ac-490f-a1a1-8b186dc9ed0b" config-ref="listen_to_synchronizes_sdb" path="/dienstverband"/>
		<db:stored-procedure doc:name="Stored procedure" doc:id="1128737b-6013-4c9f-9f9a-a25860802df1" config-ref="dev-sql">
			<db:sql >call GGMDLOAD.Load_Dienstverbanden(
  :Id,
  :MedewerkerId,
  :FunctieCode,
  :FunctieOmschrijving,
  :FunctieKostprijs,
  :FunctieProductiviteitsfactor,
  :FunctieEindDatum,
  :DatumInDienst,
  :DatumUitDienst,
  :UrenPerWeek,
  :ParttimeFactor,
  :UrenPerWeekMax,
  :DagenPerWeek,
  :IsOnbepaald,
  :ORTBerekenenUit,
  :ContractvormCode,
  :ContractvormIsSalaris,
  :ContractvormOmschrijving,
  :ContractNummer,
  :ContractBeginDatum,
  :ContractEindDatum,
  :AfdelingCode,
  :AfdelingOmschrijving,
  :AfdelingEindDatum,
  :AfdelingHoofdAfdelingCode,
  :AfdelingHoofdAfdelingOmschrijving,
  :Werklocatie,
  :SalarisNominaal,
  :SalarisJaarloon,
  :CAOCode,
  :CAOOmschrijving,
  :SchaalTredeId,
  :SchaalTredeSchaal,
  :SchaalTredeTrede,
  :SchaalTredeInpassingCode,
  :SchaalTredeBedrag,
  :SchaalTredeOmschrijving,
  :SchaalTredeBeginDatum,
  :SchaalTredeEindDatum,
  :GarantieCAO,
  :GarantieSchaal,
  :AncienniteitsMaand,
  :ExtraPeriodiek,
  :BlokkerenPeriodiek,
  :OntslagCodeCode,
  :OntslagCodeOmschrijving,
  :Kostensoort1Code,
  :Kostensoort1Omschrijving,
  :Kostensoort1EindDatum,
  :Kostensoort2Code,
  :Kostensoort2Omschrijving,
  :Kostensoort2EindDatum,
  :Kostensoort3Code,
  :Kostensoort3Omschrijving,
  :Kostensoort3EindDatum,
  :Kostensoort4Code,
  :Kostensoort4Omschrijving,
  :Kostensoort4EindDatum,
  :Kostenplaats1Code,
  :Kostenplaats1Omschrijving,
  :Kostenplaats1EindDatum,
  :Kostenplaats2Code,
  :Kostenplaats2Omschrijving,
  :Kostenplaats2EindDatum,
  :Kostenplaats3Code,
  :Kostenplaats3Omschrijving,
  :Kostenplaats3EindDatum,
  :Kostenplaats4Code,
  :Kostenplaats4Omschrijving,
  :Kostenplaats4EindDatum,
  :Kostenverdeling1,
  :Kostenverdeling2,
  :Kostenverdeling3,
  :Kostenverdeling4)
</db:sql>
			<db:input-parameters ><![CDATA[#[{
  Id: payload.Dienstverband.Id,
  MedewerkerId: payload.Dienstverband.MedewerkerId,
  FunctieCode: payload.Dienstverband.Functie.Code,
  FunctieOmschrijving: payload.Dienstverband.Functie.Omschrijving,
  FunctieKostprijs: payload.Dienstverband.Functie.Kostprijs,
  FunctieProductiviteitsfactor: payload.Dienstverband.Functie.Productiviteitsfactor,
  FunctieEindDatum: payload.Dienstverband.Functie.EindDatum,
  DatumInDienst: payload.Dienstverband.DatumInDienst,
  DatumUitDienst: payload.Dienstverband.DatumUitDienst,
  UrenPerWeek: payload.Dienstverband.UrenPerWeek,
  ParttimeFactor: payload.Dienstverband.ParttimeFactor,
  UrenPerWeekMax: payload.Dienstverband.UrenPerWeekMax,
  DagenPerWeek: payload.Dienstverband.DagenPerWeek,
  IsOnbepaald: payload.Dienstverband.IsOnbepaald,
  ORTBerekenenUit: payload.Dienstverband.ORTBerekenenUit,
  ContractvormCode: payload.Dienstverband.Contractvorm.Code,
  ContractvormIsSalaris: payload.Dienstverband.Contractvorm.IsSalaris,
  ContractvormOmschrijving: payload.Dienstverband.Contractvorm.Omschrijving,
  ContractNummer: payload.Dienstverband.Contract.Nummer,
  ContractBeginDatum: payload.Dienstverband.Contract.BeginDatum,
  ContractEindDatum: payload.Dienstverband.Contract.EindDatum,
  AfdelingCode: payload.Dienstverband.Afdeling.Code,
  AfdelingOmschrijving: payload.Dienstverband.Afdeling.Omschrijving,
  AfdelingEindDatum: payload.Dienstverband.Afdeling.EindDatum,
  AfdelingHoofdAfdelingCode: payload.Dienstverband.Afdeling.HoofdAfdeling.Code,
  AfdelingHoofdAfdelingOmschrijving: payload.Dienstverband.Afdeling.HoofdAfdeling.Omschrijving,
  Werklocatie: payload.Dienstverband.Werklocatie,
  SalarisNominaal: payload.Dienstverband.SalarisNominaal,
  SalarisJaarloon: payload.Dienstverband.SalarisJaarloon,
  CAOCode: payload.Dienstverband.CAO.Code,
  CAOOmschrijving: payload.Dienstverband.CAO.Omschrijving,
  SchaalTredeId: payload.Dienstverband.SchaalTrede.Id,
  SchaalTredeSchaal: payload.Dienstverband.SchaalTrede.Schaal,
  SchaalTredeTrede: payload.Dienstverband.SchaalTrede.Trede,
  SchaalTredeInpassingCode: payload.Dienstverband.SchaalTrede.InpassingCode,
  SchaalTredeBedrag: payload.Dienstverband.SchaalTrede.Bedrag,
  SchaalTredeOmschrijving: payload.Dienstverband.SchaalTrede.Omschrijving,
  SchaalTredeBeginDatum: payload.Dienstverband.SchaalTrede.BeginDatum,
  SchaalTredeEindDatum: payload.Dienstverband.SchaalTrede.EindDatum,
  GarantieCAO: payload.Dienstverband.GarantieCAO,
  GarantieSchaal: payload.Dienstverband.GarantieSchaal,
  AncienniteitsMaand: payload.Dienstverband.AncienniteitsMaand,
  ExtraPeriodiek: payload.Dienstverband.ExtraPeriodiek,
  BlokkerenPeriodiek: payload.Dienstverband.BlokkerenPeriodiek,
  OntslagCodeCode:payload.Dienstverband.OntslagCode.Code,
  OntslagCodeOmschrijving:payload.Dienstverband.OntslagCode.Omschrijving,
  Kostensoort1Code:payload.Dienstverband.Kostensoort1.Code,
  Kostensoort1Omschrijving:payload.Dienstverband.Kostensoort1.Omschrijving,
  Kostensoort1EindDatum:payload.Dienstverband.Kostensoort1.EindDatum,
  Kostensoort2Code:payload.Dienstverband.Kostensoort2.Code,
  Kostensoort2Omschrijving:payload.Dienstverband.Kostensoort2.Omschrijving,
  Kostensoort2EindDatum:payload.Dienstverband.Kostensoort2.EindDatum,
  Kostensoort3Code:payload.Dienstverband.Kostensoort3.Code,
  Kostensoort3Omschrijving:payload.Dienstverband.Kostensoort3.Omschrijving,
  Kostensoort3EindDatum:payload.Dienstverband.Kostensoort3.EindDatum,
  Kostensoort4Code:payload.Dienstverband.Kostensoort4.Code,
  Kostensoort4Omschrijving:payload.Dienstverband.Kostensoort4.Omschrijving,
  Kostensoort4EindDatum:payload.Dienstverband.Kostensoort4.EindDatum,
  Kostenplaats1Code:payload.Dienstverband.Kostenplaats1.Code,
  Kostenplaats1Omschrijving:payload.Dienstverband.Kostenplaats1.Omschrijving,
  Kostenplaats1EindDatum:payload.Dienstverband.Kostenplaats1.EindDatum,
  Kostenplaats2Code:payload.Dienstverband.Kostenplaats2.Code,
  Kostenplaats2Omschrijving:payload.Dienstverband.Kostenplaats2.Omschrijving,
  Kostenplaats2EindDatum:payload.Dienstverband.Kostenplaats2.EindDatum,
  Kostenplaats3Code:payload.Dienstverband.Kostenplaats3.Code,
  Kostenplaats3Omschrijving:payload.Dienstverband.Kostenplaats3.Omschrijving,
  Kostenplaats3EindDatum:payload.Dienstverband.Kostenplaats3.EindDatum,
  Kostenplaats4Code:payload.Dienstverband.Kostenplaats4.Code,
  Kostenplaats4Omschrijving:payload.Dienstverband.Kostenplaats4.Omschrijving,
  Kostenplaats4EindDatum:payload.Dienstverband.Kostenplaats4.EindDatum,
  Kostenverdeling1:payload.Dienstverband.Kostenverdeling1,
  Kostenverdeling2:payload.Dienstverband.Kostenverdeling2,
  Kostenverdeling3:payload.Dienstverband.Kostenverdeling3,
  Kostenverdeling4:payload.Dienstverband.Kostenverdeling4
}]]]></db:input-parameters>
		</db:stored-procedure>
		<db:stored-procedure doc:name="Stored procedure" doc:id="47969f5e-06bc-4ad8-9b50-7685cdddb2e3" config-ref="dev-sql">
			<db:sql >call GGMDLOAD.set_ROW_ID_dienstverbanden()</db:sql>
		</db:stored-procedure>
	</flow>
	<flow name="loadmedewerkers" doc:id="baa25f4b-6905-4c2f-9606-e752775d648a" >
		<http:listener doc:name="Listener" doc:id="f5af3fd4-5498-4737-8707-bd677684b8a0" config-ref="listen_to_synchronizes_sdb" path="/medewerker"/>
		<db:stored-procedure doc:name="Stored procedure" doc:id="31ee0bf2-bdd1-4a45-9d83-bf78c01bfad9" config-ref="dev-sql">
			<db:sql >call GGMDLOAD.Load_Medewerkers(:id, :voorletters, :tussenvoegsel, :AchterNaam, 
:RoepNaam, :Geslacht, :GeboorteDatum, :DatumInSector, :GeboortePlaats, 
:BurgerServiceNummer, :BurgerlijkestaatCode, :BurgerlijkestaatOmschrijving, :NationaliteitCode, 
:NationaliteitOmschrijving, :Titel, :IsBedrijfsHulpverlener, :TenaamstellingCode, :TenaamstellingOmschrijving, 
:Email, :PartnerVoorletters, :PartnerTussenvoegsel, :PartnerAchternaam, :PartnerGeboortedatum)</db:sql>
			<db:input-parameters ><![CDATA[#[{
	id: payload.Medewerker.Id, 
	voorletters: payload.Medewerker.Voorletters, 
	tussenvoegsel: payload.Medewerker.Tussenvoegsel,
	AchterNaam: payload.Medewerker.AchterNaam,
 	RoepNaam: payload.Medewerker.RoepNaam, 
 	Geslacht: payload.Medewerker.Geslacht, 
 	GeboorteDatum: payload.Medewerker.GeboorteDatum, 
 	DatumInSector: payload.Medewerker.DatumInSector, 
 	GeboortePlaats: payload.Medewerker.GeboortePlaats, 
	BurgerServiceNummer: payload.Medewerker.BurgerServiceNummer, 
	BurgerlijkestaatCode: payload.Medewerker.Burgerlijkestaat.Code, 
	BurgerlijkestaatOmschrijving: payload.Medewerker.Burgerlijkestaat.Omschrijving, 
	NationaliteitCode: payload.Medewerker.Nationaliteit.Code, 
	NationaliteitOmschrijving: payload.Medewerker.Nationaliteit.Omschrijving, 
	Titel: payload.Medewerker.Titel, 
	IsBedrijfsHulpverlener: payload.Medewerker.IsBedrijfsHulpVerlener, 
	TenaamstellingCode: payload.Medewerker.Tenaamstelling.Code, 
	TenaamstellingOmschrijving: payload.Medewerker.Tenaamstelling.Omschrijving, 
	Email: payload.Medewerker.Email, 
	PartnerVoorletters: payload.Medewerker.PartnerVoorletters, 
	PartnerTussenvoegsel: payload.Medewerker.PartnerTussenvoegsel, 
	PartnerAchternaam: payload.Medewerker.PartnerAchternaam, 
	PartnerGeboortedatum: payload.Medewerker.PartnerGeboortedatum
}]]]></db:input-parameters>
		</db:stored-procedure>
		<db:stored-procedure doc:name="Stored procedure" doc:id="8ae4f291-544a-4d11-80fb-36db149cbd3d" config-ref="dev-sql">
			<db:sql >call GGMDLOAD.set_ROW_ID_medewerkers()</db:sql>
		</db:stored-procedure>
	</flow>
	<flow name="truncate" doc:id="27fadc72-6073-4928-ba99-83b29859c926" >
		<http:listener doc:name="Listener" doc:id="b6b11e1c-96a1-4aa9-9a4e-a6d75a0c4d2b" config-ref="listen_to_synchronizes_sdb" path="/truncate"/>
		<db:stored-procedure doc:name="truncate all sbd tables" doc:id="500f83ed-fc40-44ae-9a46-1a22d53f7060" config-ref="dev-sql">
			<db:sql >call GGMDLOAD.truncate_sdb_tables()</db:sql>
		</db:stored-procedure>
	</flow>
</mule>
