<?xml version="1.0" encoding="UTF-8"?>
<api context="/clientmanagement_01" name="ClientManagement" xmlns="http://ws.apache.org/ns/synapse">
  <resource faultSequence="CreateUserFaultSequence" methods="POST"
    protocol="http" url-mapping="/users">
    <inSequence>
      <sequence key="CreateUserInSequence"/>
    </inSequence>
    <outSequence>
      <sequence key="CreateUserOutSequence"/>
    </outSequence>
  </resource>
  <resource faultSequence="GetUserFaultSequence" methods="GET"
    protocol="http" uri-template="/users?UserName={UserName}&amp;CorrelationId={CorrelationId}&amp;OrganizationId={OrganizationId}">
    <inSequence>
      <sequence key="GetUserInSequence"/>
    </inSequence>
    <outSequence>
      <sequence key="GetUserOutSequence"/>
    </outSequence>
  </resource>
  <resource faultSequence="ListUserFaultSequence" methods="POST"
    protocol="http" url-mapping="/users/list">
    <inSequence>
      <sequence key="ListUserInSequence"/>
    </inSequence>
    <outSequence>
      <sequence key="ListUserOutSequence"/>
    </outSequence>
  </resource>
  <resource faultSequence="DeleteUserFaultSequence" methods="DELETE"
    protocol="http" uri-template="/users?UserId={UserId}&amp;CorrelationId={CorrelationId}&amp;ClientId={ClientId}">
    <inSequence>
      <sequence key="DeleteUserInSequence"/>
    </inSequence>
    <outSequence>
      <sequence key="DeleteUserOutSequence"/>
    </outSequence>
  </resource>
  <resource faultSequence="UpdateUserFaultSequence" methods="PUT"
    protocol="http" url-mapping="/users">
    <inSequence>
      <sequence key="UpdateUserCMInSequence"/>
    </inSequence>
    <outSequence>
      <sequence key="UpdateUserCMOutSequence"/>
    </outSequence>
  </resource>
  <resource faultSequence="CreateClientFaultSequence" methods="POST"
    protocol="http" url-mapping="/clients">
    <inSequence>
      <sequence key="CreateClientInSequence"/>
    </inSequence>
    <outSequence>
      <sequence key="CreateClientOutSequence"/>
    </outSequence>
  </resource>
  <resource faultSequence="GetClientFaultSequence" methods="GET"
    protocol="http" uri-template="/clients?OrganizationId={OrganizationId}&amp;CorrelationId={CorrelationId}&amp;ContextOrganizationId={ContextOrganizationId}">
    <inSequence>
      <sequence key="GetClientInSequence"/>
    </inSequence>
    <outSequence>
      <sequence key="GetClientOutSequence"/>
    </outSequence>
  </resource>
  <resource faultSequence="ListClientFaultSequence" methods="POST"
    protocol="http" url-mapping="/clients/list">
    <inSequence>
      <sequence key="ListClientInSequence"/>
    </inSequence>
    <outSequence>
      <sequence key="ListClientOutSequence"/>
    </outSequence>
  </resource>
  <resource faultSequence="DeleteClientFaultSequence" methods="DELETE"
    protocol="http" url-mapping="/clients">
    <inSequence>
      <sequence key="DeleteClientInSequence"/>
    </inSequence>
    <outSequence>
      <sequence key="DeleteClientOutSequence"/>
    </outSequence>
  </resource>
  <resource faultSequence="CreateApplicationGroupFaultSequence"
    methods="POST" protocol="http" url-mapping="/applicationgroups">
    <inSequence>
      <sequence key="CreateApplicationGroupInSequence"/>
    </inSequence>
    <outSequence>
      <sequence key="CreateApplicationGroupOutSequence"/>
    </outSequence>
  </resource>
  <resource faultSequence="GetApplicationGroupFaultSequence"
    methods="GET" protocol="http" uri-template="/applicationgroups?ApplicationGroupId={ApplicationGroupId}&amp;CorrelationId={CorrelationId}&amp;OrganizationId={OrganizationId}">
    <inSequence>
      <sequence key="GetApplicationGroupInSequence"/>
    </inSequence>
    <outSequence>
      <sequence key="GetApplicationGroupOutSequence"/>
    </outSequence>
  </resource>
  <resource faultSequence="ListApplicationGroupFaultSequence"
    methods="POST" protocol="http" url-mapping="/applicationgroups/list">
    <inSequence>
      <sequence key="ListApplicationGroupInSequence"/>
    </inSequence>
    <outSequence>
      <sequence key="ListApplicationGroupOutSequence"/>
    </outSequence>
  </resource>
  <resource faultSequence="ListApplicationGroupUserFaultSequence"
    methods="POST" protocol="http" uri-template="/applicationgroups/{ApplicationGroupId}/list">
    <inSequence>
      <sequence key="ListApplicationGroupUserInSequence"/>
    </inSequence>
    <outSequence>
      <sequence key="ListApplicationGroupUserOutSequence"/>
    </outSequence>
  </resource>
  <resource faultSequence="DeleteApplicationGroupFaultSequence"
    methods="DELETE" protocol="http" uri-template="/applicationgroups/{ApplicationGroupId}">
    <inSequence>
      <sequence key="DeleteApplicationGroupInSequence"/>
    </inSequence>
    <outSequence>
      <sequence key="DeleteApplicationGroupOutSequence"/>
    </outSequence>
  </resource>
  <resource faultSequence="AddUserToApplicationGroupFaultSequence"
    methods="PUT" protocol="http" url-mapping="/applicationgroups/assign">
    <inSequence>
      <sequence key="AddUserToApplicationGroupInSequence"/>
    </inSequence>
    <outSequence>
      <sequence key="AddUserToApplicationGroupOutSequence"/>
    </outSequence>
  </resource>
  <resource faultSequence="DeleteUserFromApplicationGroupFaultSequence"
    methods="PUT" protocol="http" url-mapping="/applicationgroups/delete">
    <inSequence>
      <sequence key="DeleteUserFromApplicationGroupInSequence"/>
    </inSequence>
    <outSequence>
      <sequence key="DeleteUserFromApplicationGroupOutSequence"/>
    </outSequence>
  </resource>
</api>
