<?xml version="1.0" encoding="UTF-8"?>
<api context="/api/EmployeeContractsFromSource" hostname="localhost" name="GetAllEmployeeContractsAPI" port="8280" xmlns="http://ws.apache.org/ns/synapse">
    <resource methods="GET">
        <inSequence>
            <log description="START_SQ" level="custom">
                <property name="START_SQ" value="GetAllEmployeeContractsAPI_IN"/>
            </log>
            <sequence description="GetAllEmployeeContractsSEQ_IN" key="GetAllEmployeeContractsSEQ_IN"/>
        </inSequence>
        <outSequence>
            <sequence key="GetAllEmployeeContractsSEQ_OUT"/>
        </outSequence>
        <faultSequence>
            <log description="START_SQ" level="custom">
                <property name="START_SQ" value="GetAllEmployeeContractsAPI_Fault"/>
            </log>
        </faultSequence>
    </resource>
</api>
