<?xml version="1.0" encoding="UTF-8"?>
<api context="/api/EmployeesFromSource" hostname="localhost" name="GetAllEmployeesAPI" port="8280" xmlns="http://ws.apache.org/ns/synapse">
    <resource methods="GET">
        <inSequence>
            <log description="START_SQ" level="custom">
                <property name="START_SQ" value="GetAllEmployeesAPI_IN"/>
            </log>
            <sequence description="GetAllEmployeesSEQ_IN" key="GetAllEmployeesSEQ_IN"/>
        </inSequence>
        <outSequence>
            <sequence key="GetAllEmployeesSEQ_OUT"/>
        </outSequence>
        <faultSequence>
            <log description="START_SQ" level="custom">
                <property name="START_SQ" value="GetAllEmployeesAPI_Fault"/>
            </log>
        </faultSequence>
    </resource>
</api>
