<?xml version="1.0" encoding="UTF-8"?>
<api context="/api/EmployeeContractLinesFromSource" hostname="localhost" name="GetEmployeeContractLinesAPI" port="8280" xmlns="http://ws.apache.org/ns/synapse">
    <resource methods="GET">
        <inSequence>
            <sequence key="GetEmployeeContractLinesSEQ_IN"/>
        </inSequence>
        <outSequence>
            <sequence key="GetEmployeeContractLinesSEQ_OUT"/>
        </outSequence>
        <faultSequence>
            <log description="START_SEQ" level="custom">
                <property name="START_SEQUENCE" value="GetEmployeeContractLines_FaultSequence"/>
            </log>
        </faultSequence>
    </resource>
</api>
