<?xml version="1.0" encoding="UTF-8"?><artifacts>
    <artifact name="RecaptchaManagement" groupId="nl.ggmd.Recaptcha.api" version="1.0.0" type="synapse/api" serverRole="EnterpriseServiceBus">
        <file>src/main/synapse-config/api/RecaptchaManagement.xml</file>
    </artifact>
    <artifact name="RecaptchaInSequence" groupId="nl.ggmd.Recaptcha.sequence" version="1.0.0" type="synapse/sequence" serverRole="EnterpriseServiceBus">
        <file>src/main/synapse-config/sequences/RecaptchaInSequence.xml</file>
    </artifact>
    <artifact name="SendRecaptchaResponseToGoogleVerificationAPI" groupId="nl.ggmd.Recaptcha.sequence" version="1.0.0" type="synapse/sequence" serverRole="EnterpriseServiceBus">
        <file>src/main/synapse-config/sequences/SendRecaptchaResponseToGoogleVerificationAPI.xml</file>
    </artifact>
    <artifact name="RecaptchaOutSequence" groupId="nl.ggmd.Recaptcha.sequence" version="1.0.0" type="synapse/sequence" serverRole="EnterpriseServiceBus">
        <file>src/main/synapse-config/sequences/RecaptchaOutSequence.xml</file>
    </artifact>
    <artifact name="RecaptchaFaultSequence" groupId="nl.ggmd.Recaptcha.sequence" version="1.0.0" type="synapse/sequence" serverRole="EnterpriseServiceBus">
        <file>src/main/synapse-config/sequences/RecaptchaFaultSequence.xml</file>
    </artifact>
</artifacts>
