<SOAP-ENV:Envelope xmlns:SOAP-ENV="http://schemas.xmlsoap.org/soap/envelope/">
    <SOAP-ENV:Header/>
    <SOAP-ENV:Body>
        <ListFormInstancesResponse xmlns="http://schemas.careweb.nl/webservice/2.0/schema/forminstance">
            <FormInstance formInstanceId="3355189">
                <startDate>2019-12-18</startDate>
            </FormInstance>
            <FormInstance formInstanceId="3355172">
                <startDate>2019-12-18</startDate>
            </FormInstance>
        </ListFormInstancesResponse>
    </SOAP-ENV:Body>
</SOAP-ENV:Envelope>