<?xml version="1.0" encoding="UTF-8"?>
<sequence name="CorrectEmployeeTablesSEQ" trace="disable" xmlns="http://ws.apache.org/ns/synapse">
    <log description="START_SEQ" level="custom">
        <property name="START_SEQ" value="CorrectEmployeeTablesSEQ"/>
    </log>
    <payloadFactory description="CorrectEmployeeTablesOP" media-type="xml">
        <format>
            <CorrectEmployeeTablesOP xmlns=""/>
        </format>
        <args/>
    </payloadFactory>
    <property description="ContentTypeHeader" name="ContentType" scope="axis2" type="STRING" value="application/xml"/>
    <property description="MessageTypeHeader" name="messageType" scope="axis2" type="STRING" value="application/xml"/>
    <header name="Accept" scope="transport" value="application/xml"/>
    <header name="Action" scope="default" value="urn:CorrectEmployeeTablesOP"/>
    <call blocking="true" description="">
        <endpoint key="EmployeeDSSEP"/>
    </call>
    <log description="AFTER_SERVICE_CALL" level="custom">
        <property name="AFTER_SERVICE_CALL" value="Corrected EmployeeTables"/>
    </log>
</sequence>
