<?xml version="1.0" encoding="UTF-8"?>
<sequence name="FillEmployeeContractLinesTableSEQ" trace="disable" xmlns="http://ws.apache.org/ns/synapse">
    <log description="START_SEQ" level="custom">
        <property name="START_SEQ" value="FillEmployeeContractLineTableSEQ"/>
    </log>
    <property description="SET_FORCE_SC_ACCEPTED" name="FORCE_SC_ACCEPTED" scope="axis2" type="STRING" value="true"/>
    <payloadFactory description="ReadEmployeeContractOP" media-type="xml">
        <format>
            <ReadEmployeeContractOP xmlns=""/>
        </format>
        <args/>
    </payloadFactory>
    <header name="Action" scope="default" value="urn:ReadEmployeeContractOP"/>
    <call description="GetEmployeeContracts">
        <endpoint key="EmployeeDSSEP"/>
    </call>
    <xslt description="GetTheEmployeeContractId" key="gov:custom/GetTheEmployeeContractIds.xslt">
        <resource key="gov:custom/GetTheEmployeeContractIds.xslt" location="gov:custom/GetTheEmployeeContractIds.xslt"/>
    </xslt>
    <property description="CreateEmployeeContractLineResponse" name="CreateEmployeeContractLineResponse" scope="default">
        <CreateEmployeeContractLineResponse xmlns=""/>
    </property>
    <iterate expression="//EmployeeContracts/EmployeeContract" id="GetAndStoreTheEmployeeContractLines" sequential="true">
        <target>
            <sequence>
                <sequence key="GetForEveryEmployeeContractTheContractLines"/>
                <filter description="Check whether there is a EmployeeContractLine in EmployeeContractLines" xpath="//*[local-name()='EmployeeContractLine']">
                    <then>
                        <property description="CreateEmployeeContractLineResp" name="CreateEmployeeContractLineResp" scope="default">
                            <CreateEmployeeContractLineResp xmlns=""/>
                        </property>
                        <iterate expression="//EmployeeContractLines/EmployeeContractLine" id="StoreTheEmployeeContractLines" sequential="true">
                            <target>
                                <sequence>
                                    <sequence key="SendEmployeeContractLineToEmployeeDSSSEQ"/>
                                </sequence>
                            </target>
                        </iterate>
                        <aggregate id="StoreTheEmployeeContractLines">
                            <completeCondition>
                                <messageCount max="-1" min="-1"/>
                            </completeCondition>
                            <onComplete enclosingElementProperty="CreateEmployeeContractLineResp" expression="$body/*[1]">
                                <drop/>
                            </onComplete>
                        </aggregate>
                    </then>
                    <else/>
                </filter>
            </sequence>
        </target>
    </iterate>
    <aggregate id="GetAndStoreTheEmployeeContractLines">
        <completeCondition>
            <messageCount max="-1" min="-1"/>
        </completeCondition>
        <onComplete enclosingElementProperty="CreateEmployeeContractLineResponse" expression="$body/*[1]">
            <log description="END_ITERATE" level="custom">
                <property name="END_ITERATE" value="End Iterate Storing EmployeeContractLines"/>
            </log>
        </onComplete>
    </aggregate>
</sequence>
