<?xml version="1.0" encoding="UTF-8"?>
<sequence name="FillEmployeeContractTableSEQ" trace="disable" xmlns="http://ws.apache.org/ns/synapse">
    <log description="START_SEQ" level="custom">
        <property name="START_SEQ" value="FillEmployeeContractTableSEQ"/>
    </log>
    <call description="GetAllEmployeeContractsFromSource">
        <endpoint>
            <http method="get" uri-template="http://localhost:8280/api/EmployeeContractsFromSource"/>
        </endpoint>
    </call>
    <property description="CreateEmployeeContractsResponse" name="CreateEmployeeContractsResponse" scope="default">
        <CreateEmployeeContractsResponse xmlns=""/>
    </property>
    <iterate description="SendEmployeeContractsToDSS" expression="//EmployeeContracts/EmployeeContract" id="SendEmployeeContractToDSS" sequential="true">
        <target>
            <sequence>
                <sequence key="StoreEmployeeContractSEQ"/>
            </sequence>
        </target>
    </iterate>
    <aggregate id="SendEmployeeContractToDSS">
        <completeCondition>
            <messageCount max="-1" min="-1"/>
        </completeCondition>
        <onComplete enclosingElementProperty="CreateEmployeeContractsResponse" expression="$body/*[1]">
            <log description="END_ITERATE" level="custom">
                <property name="END_ITERATE" value="Agregate after EmployeeContracts to DSS"/>
            </log>
        </onComplete>
    </aggregate>
</sequence>
