<?xml version="1.0" encoding="UTF-8"?>
<sequence name="FillEmployeeTableSEQ" trace="disable" xmlns="http://ws.apache.org/ns/synapse">
    <log description="START_SEQ" level="custom">
        <property name="START_SEQ" value="FillEmployeeTableSEQ"/>
    </log>
    <call description="GetAllEmployeesFromSource">
        <endpoint>
            <http method="get" uri-template="http://localhost:8280/api/EmployeesFromSource"/>
        </endpoint>
    </call>
    <property description="CreateEmployeeResponse" name="CreateEmployeeResponse" scope="default">
        <CreateEmployeeResponse xmlns=""/>
    </property>
    <iterate expression="//Employees/Employee" id="SendEmployeesToDSS" sequential="true">
        <target>
            <sequence>
                <sequence key="StoreEmployeesSEQ"/>
            </sequence>
        </target>
    </iterate>
    <aggregate id="SendEmployeesToDSS">
        <completeCondition>
            <messageCount max="-1" min="-1"/>
        </completeCondition>
        <onComplete enclosingElementProperty="CreateEmployeeResponse" expression="$body/*[1]">
            <log description="END_ITERATE" level="custom">
                <property name="END_ITERATE" value="End Iterate Storing Employees"/>
            </log>
        </onComplete>
    </aggregate>
</sequence>
