<?xml version="1.0" encoding="UTF-8"?>
<sequence name="GetAllEmployeesSEQ_IN" trace="disable" xmlns="http://ws.apache.org/ns/synapse">
    <log description="START_SQ_LOG" level="custom">
        <property name="SEQ_NAME" value="GetEmployeesSEQ_IN"/>
    </log>
    <property description="Timestamp" name="Timestamp" scope="transport" type="STRING" value="31-05-2018 08:54:07.038"/>
    <property description="Klantnummer" name="Klantnummer" scope="transport" type="STRING" value="7460"/>
    <property description="Authentication" name="Authentication" scope="transport" type="STRING" value="7460:hl8dkwie+b/AtivOh9OwN313/08O2YSIkrulzM1s3nE="/>
    <property description="MessageFormatXML" name="messageType" scope="axis2" type="STRING" value="application/xml"/>
    <header name="Accept" scope="transport" value="application/xml"/>
    <send>
        <endpoint key="GetAllEmployeesFromSDBEP"/>
    </send>
</sequence>
