<?xml version="1.0" encoding="UTF-8"?>
<sequence name="GetEmployeeContractLinesSEQ_IN" trace="disable" xmlns="http://ws.apache.org/ns/synapse">
    <log description="START_SEQ" level="custom">
        <property name="START_SEQ" value="GetEmployeeContractLinesSEQ_IN"/>
    </log>
    <property description="EmployeeContractId" expression="get-property('query.param.EmployeeContractId')" name="uri.var.EmployeeContractId" scope="default" type="STRING" xmlns:ns="http://org.apache.synapse/xsd"/>
    <log description="SHOW_PROPERTY" level="custom">
        <property expression="get-property('uri.var.EmployeeContractId')" name="uri.var.EmployeeContractId"/>
    </log>
    <property description="Timestamp" name="Timestamp" scope="transport" type="STRING" value="31-05-2018 08:54:07.038"/>
    <property description="Klantnummer" name="Klantnummer" scope="transport" type="STRING" value="7460"/>
    <property description="Authentication" name="Authentication" scope="transport" type="STRING" value="7460:hl8dkwie+b/AtivOh9OwN313/08O2YSIkrulzM1s3nE="/>
    <property description="SetMessageFormatXML" name="messageType" scope="axis2" type="STRING" value="application/xml"/>
    <header name="Accept" scope="transport" value="application/xml"/>
    <send>
        <endpoint key="GetEmployeeContractLinesFromSDBEP"/>
    </send>
</sequence>
