<?xml version="1.0" encoding="UTF-8"?>
<sequence name="GetForEveryEmployeeContractTheContractLines" trace="disable" xmlns="http://ws.apache.org/ns/synapse">
    <property description="EmployeeContractId" expression="//EmployeeContractId" name="uri.var.EmployeeContractId" scope="default" type="STRING"/>
    <call blocking="true" description="Call_API_GetEmployeeContractLinesAPI">
        <endpoint>
            <http method="get" uri-template="http://localhost:8280/api/EmployeeContractLinesFromSource/EmployeeContract?EmployeeContractId={uri.var.EmployeeContractId}"/>
        </endpoint>
    </call>
    <!-- log description="SHOW_STEP" level="custom">
        <property expression="//*[local-name()='EmployeeContractLine']" name="TEST"/>
    </log -->
</sequence>
