<?xml version="1.0" encoding="UTF-8"?>
<sequence name="StoreEmployeesSEQ" trace="disable" xmlns="http://ws.apache.org/ns/synapse">
    <xslt description="CreateEmployeeRequest" key="gov:custom/CreateEmployeeRequest.xsl">
        <resource key="gov:custom/CreateEmployeeRequest.xsl" location="gov:custom/CreateEmployeeRequest.xsl"/>
    </xslt>
    <property description="ContentTypeHeader" name="ContentType" scope="axis2" type="STRING" value="application/xml"/>
    <property description="MessageTypeHeader" name="messageType" scope="axis2" type="STRING" value="application/xml"/>
    <header name="Accept" scope="transport" value="application/xml"/>
    <header name="Action" scope="default" value="urn:CreateEmployeeOP"/>
    <call description="CallEmployeeDSS">
        <endpoint key="EmployeeDSSEP"/>
    </call>
</sequence>
