<?xml version="1.0" encoding="UTF-8"?>
<sequence name="StoreEmployeeContractSEQ" trace="disable" xmlns="http://ws.apache.org/ns/synapse">
    <xslt description="CreateEmployeeContractRequest" key="gov:custom/CreateEmployeeContractRequest.xsl">
        <resource key="gov:custom/CreateEmployeeContractRequest.xsl" location="gov:custom/CreateEmployeeContractRequest.xsl"/>
    </xslt>
    <property description="ContentTypeHeader" name="ContentType" scope="axis2" type="STRING" value="application/xml"/>
    <property description="MessageTypeHeader" name="messageType" scope="axis2" type="STRING" value="application/xml"/>
    <header name="Accept" scope="transport" value="application/xml"/>
    <header name="Action" scope="default" value="urn:CreateEmployeeContract"/>
    <property description="OUT_ONLY" name="OUT_ONLY" scope="default" type="STRING" value="false"/>
    <call description="CallEmployeeDSS">
        <endpoint key="EmployeeDSSEP"/>
    </call>
</sequence>
