<?xml version="1.0" encoding="UTF-8"?><artifacts>
    <artifact name="DeleteExpireDeviceTokenInSequence" groupId="nl.weintegrate.wealert.api.pushnotificationmanager.wso2.sequence" version="1.0.0" type="synapse/sequence" serverRole="EnterpriseServiceBus">
        <file>src/main/synapse-config/sequences/DeleteExpireDeviceTokenInSequence.xml</file>
    </artifact>
    <artifact name="GetDeviceTokenFromUsernameInSequence" groupId="nl.weintegrate.wealert.api.pushnotificationmanager.wso2.sequence" version="1.0.0" type="synapse/sequence" serverRole="EnterpriseServiceBus">
        <file>src/main/synapse-config/sequences/GetDeviceTokenFromUsernameInSequence.xml</file>
    </artifact>
    <artifact name="GetDeviceTokenFromUsernameOutSequence" groupId="nl.weintegrate.wealert.api.pushnotificationmanager.wso2.sequence" version="1.0.0" type="synapse/sequence" serverRole="EnterpriseServiceBus">
        <file>src/main/synapse-config/sequences/GetDeviceTokenFromUsernameOutSequence.xml</file>
    </artifact>
    <artifact name="PushNotificationInSequence" groupId="nl.weintegrate.wealert.api.pushnotificationmanager.wso2.sequence" version="1.0.0" type="synapse/sequence" serverRole="EnterpriseServiceBus">
        <file>src/main/synapse-config/sequences/PushNotificationInSequence.xml</file>
    </artifact>
    <artifact name="PushNotificationOutSequence" groupId="nl.weintegrate.wealert.api.pushnotificationmanager.wso2.sequence" version="1.0.0" type="synapse/sequence" serverRole="EnterpriseServiceBus">
        <file>src/main/synapse-config/sequences/PushNotificationOutSequence.xml</file>
    </artifact>
    <artifact name="SendRequestNotificationToProviderInSequence" groupId="nl.weintegrate.wealert.api.pushnotificationmanager.wso2.sequence" version="1.0.0" type="synapse/sequence" serverRole="EnterpriseServiceBus">
        <file>src/main/synapse-config/sequences/SendRequestNotificationToProviderInSequence.xml</file>
    </artifact>
    <artifact name="PushNotificationManagerAPI" groupId="nl.weintegrate.wealert.api.pushnotificationmanager.wso2.api" version="1.0.0" type="synapse/api" serverRole="EnterpriseServiceBus">
        <file>src/main/synapse-config/api/PushNotificationManagerAPI.xml</file>
    </artifact>
</artifacts>
