<?xml version="1.0" encoding="UTF-8"?>
<template name="WSO2_Logger" xmlns="http://ws.apache.org/ns/synapse">
    <parameter name="SequenceName"/>
    <parameter name="Message"/>
    <parameter name="LogLevel"/>
    <parameter name="CorrelationId"/>
    <sequence>
        <property description="LoggerProperties" expression="get-property('registry', 'gov:/w-integrate/commons/logger/wso2.logger.properties.xml')" name="LoggerProperties" scope="default" type="OM" xmlns:fn="http://www.w3.org/2005/xpath-functions" xmlns:ns="http://org.apache.synapse/xsd"/>
        <property description="Logger.Enable" expression="$ctx:LoggerProperties//property[@name='logger.enable']" name="logger.enable" scope="default" type="BOOLEAN"/>
        <filter xpath="$ctx:logger.enable = 'true'">
            <then>
                <property description="LogLevel" expression="$func:LogLevel" name="LogLevel" scope="default" type="STRING"/>
                <switch source="get-property('LogLevel')">
                    <case regex="INFO">
                        <log description="WSO2_Logger" level="custom" separator=",">
                            <property expression="$func:CorrelationId" name="CorrelationId"/>
                            <property expression="$ctx:SYNAPSE_REST_API" name="ApiName" xmlns:ns="http://org.apache.synapse/xsd" xmlns:ns2="http://org.apache.synapse/xsd"/>
                            <property expression="get-property('SYSTEM_DATE')" name="SystemDate" xmlns:ns="http://org.apache.synapse/xsd" xmlns:ns2="http://org.apache.synapse/xsd"/>
                            <property expression="get-property('SERVER_IP')" name="ServerIP"/>
                            <property expression="get-property('SERVER_HOST')" name="ServerHost"/>
                            <property expression="$func:SequenceName" name="SequenceName"/>
                            <property expression="$func:Message" name="Message"/>
                        </log>
                    </case>
                    <case regex="DEBUG">
                        <log category="DEBUG" description="WSO2_Logger" level="full" separator=",">
                            <property expression="$func:CorrelationId" name="CorrelationId"/>
                            <property expression="$ctx:SYNAPSE_REST_API" name="ApiName" xmlns:ns="http://org.apache.synapse/xsd" xmlns:ns2="http://org.apache.synapse/xsd"/>
                            <property expression="get-property('SYSTEM_DATE')" name="SystemDate" xmlns:ns="http://org.apache.synapse/xsd" xmlns:ns2="http://org.apache.synapse/xsd"/>
                            <property expression="get-property('SERVER_IP')" name="ServerIP"/>
                            <property expression="get-property('SERVER_HOST')" name="ServerHost"/>
                            <property expression="$func:SequenceName" name="SequenceName"/>
                            <property expression="$func:Message" name="Message"/>
                            <property expression="get-property('ERROR_CODE')" name="MessageCode"/>
                            <property expression="get-property('ERROR_MESSAGE')" name="ErrorMessage"/>
                            <property expression="get-property('ERROR_DETAIL')" name="ErrorDetail"/>
                            <property expression="get-property('ERROR_EXCEPTION')" name="ErrorException"/>
                        </log>
                    </case>
                    <case regex="TRACE">
                        <log category="TRACE" description="WSO2_Logger" level="custom" separator=",">
                            <property expression="$func:CorrelationId" name="CorrelationId"/>
                            <property expression="$ctx:SYNAPSE_REST_API" name="ApiName" xmlns:ns="http://org.apache.synapse/xsd" xmlns:ns2="http://org.apache.synapse/xsd"/>
                            <property expression="get-property('SYSTEM_DATE')" name="SystemDate" xmlns:ns="http://org.apache.synapse/xsd" xmlns:ns2="http://org.apache.synapse/xsd"/>
                            <property expression="get-property('SERVER_IP')" name="ServerIP"/>
                            <property expression="get-property('SERVER_HOST')" name="ServerHost"/>
                            <property expression="$func:SequenceName" name="SequenceName"/>
                            <property expression="$func:Message" name="Message"/>
                            <property expression="get-property('ERROR_CODE')" name="MessageCode"/>
                            <property expression="get-property('ERROR_MESSAGE')" name="ErrorMessage"/>
                            <property expression="get-property('ERROR_DETAIL')" name="ErrorDetail"/>
                            <property expression="get-property('ERROR_EXCEPTION')" name="ErrorException"/>
                        </log>
                    </case>
                    <case regex="WARN">
                        <log category="WARN" description="WSO2_Logger" level="custom" separator=",">
                            <property expression="$func:CorrelationId" name="CorrelationId"/>
                            <property expression="$ctx:SYNAPSE_REST_API" name="ApiName" xmlns:ns="http://org.apache.synapse/xsd" xmlns:ns2="http://org.apache.synapse/xsd"/>
                            <property expression="get-property('SYSTEM_DATE')" name="SystemDate" xmlns:ns="http://org.apache.synapse/xsd" xmlns:ns2="http://org.apache.synapse/xsd"/>
                            <property expression="get-property('SERVER_IP')" name="ServerIP"/>
                            <property expression="get-property('SERVER_HOST')" name="ServerHost"/>
                            <property expression="$func:SequenceName" name="SequenceName"/>
                            <property expression="$func:Message" name="Message"/>
                            <property expression="get-property('ERROR_CODE')" name="MessageCode"/>
                            <property expression="get-property('ERROR_MESSAGE')" name="ErrorMessage"/>
                            <property expression="get-property('ERROR_DETAIL')" name="ErrorDetail"/>
                            <property expression="get-property('ERROR_EXCEPTION')" name="ErrorException"/>
                        </log>
                    </case>
                    <case regex="ERROR">
                        <property expression="$body" name="MessageBody" scope="default" type="STRING"/>
                        <log category="ERROR" description="WSO2_Logger" level="custom" separator=",">
                            <property expression="$func:CorrelationId" name="CorrelationId"/>
                            <property expression="$ctx:SYNAPSE_REST_API" name="ApiName" xmlns:ns="http://org.apache.synapse/xsd" xmlns:ns2="http://org.apache.synapse/xsd"/>
                            <property expression="get-property('SYSTEM_DATE')" name="SystemDate" xmlns:ns="http://org.apache.synapse/xsd" xmlns:ns2="http://org.apache.synapse/xsd"/>
                            <property expression="get-property('SERVER_IP')" name="ServerIP"/>
                            <property expression="get-property('SERVER_HOST')" name="ServerHost"/>
                            <property expression="$func:SequenceName" name="SequenceName"/>
                            <property expression="$func:Message" name="Message"/>
                            <property expression="get-property('ERROR_CODE')" name="MessageCode"/>
                            <property expression="get-property('ERROR_MESSAGE')" name="ErrorMessage"/>
                            <property expression="get-property('ERROR_DETAIL')" name="ErrorDetail"/>
                            <property expression="get-property('ERROR_EXCEPTION')" name="ErrorException"/>
                        </log>
                    </case>
                    <case regex="FATAL">
                        <log category="FATAL" description="WSO2_Logger" level="custom" separator=",">
                            <property expression="$func:CorrelationId" name="CorrelationId"/>
                            <property expression="$ctx:SYNAPSE_REST_API" name="ApiName" xmlns:ns="http://org.apache.synapse/xsd" xmlns:ns2="http://org.apache.synapse/xsd"/>
                            <property expression="get-property('SYSTEM_DATE')" name="SystemDate" xmlns:ns="http://org.apache.synapse/xsd" xmlns:ns2="http://org.apache.synapse/xsd"/>
                            <property expression="get-property('SERVER_IP')" name="ServerIP"/>
                            <property expression="get-property('SERVER_HOST')" name="ServerHost"/>
                            <property expression="$func:SequenceName" name="SequenceName"/>
                            <property expression="$func:Message" name="Message"/>
                            <property expression="get-property('ERROR_CODE')" name="MessageCode"/>
                            <property expression="get-property('ERROR_MESSAGE')" name="ErrorMessage"/>
                            <property expression="get-property('ERROR_DETAIL')" name="ErrorDetail"/>
                            <property expression="get-property('ERROR_EXCEPTION')" name="ErrorException"/>
                        </log>
                    </case>
                    <default>
                        <log description="WSO2_Logger" level="custom" separator=",">
                            <property expression="$func:CorrelationId" name="CorrelationId"/>
                            <property expression="$ctx:SYNAPSE_REST_API" name="ApiName" xmlns:ns="http://org.apache.synapse/xsd" xmlns:ns2="http://org.apache.synapse/xsd"/>
                            <property expression="get-property('SYSTEM_DATE')" name="SystemDate" xmlns:ns="http://org.apache.synapse/xsd" xmlns:ns2="http://org.apache.synapse/xsd"/>
                            <property expression="get-property('SERVER_IP')" name="ServerIP"/>
                            <property expression="get-property('SERVER_HOST')" name="ServerHost"/>
                            <property expression="$func:SequenceName" name="SequenceName"/>
                            <property expression="$func:Message" name="Message"/>
                            <property expression="get-property('ERROR_CODE')" name="MessageCode"/>
                            <property expression="get-property('ERROR_MESSAGE')" name="ErrorMessage"/>
                            <property expression="get-property('ERROR_DETAIL')" name="ErrorDetail"/>
                            <property expression="get-property('ERROR_EXCEPTION')" name="ErrorException"/>
                        </log>
                    </default>
                </switch>
            </then>
            <else/>
        </filter>
    </sequence>
</template>
