<?xml version="1.0" encoding="UTF-8"?>
<endpoint name="GoogleRecaptchaVerificationEndpoint" xmlns="http://ws.apache.org/ns/synapse">
  <http method="post" trace="enable" uri-template="https://www.google.com/recaptcha/api/siteverify?secret={uri.var.secretkey}&amp;response={uri.var.response}">
    <timeout>
      <duration>30000</duration>
      <responseAction>fault</responseAction>
    </timeout>
    <suspendOnFailure>
      <errorCodes>-1</errorCodes>
      <initialDuration>0</initialDuration>
      <progressionFactor>2.0</progressionFactor>
      <maximumDuration>0</maximumDuration>
    </suspendOnFailure>
    <markForSuspension>
      <errorCodes>-1</errorCodes>
    </markForSuspension>
  </http>
</endpoint>
