<?xml version="1.0" encoding="UTF-8"?>

<mule xmlns:ee="http://www.mulesoft.org/schema/mule/ee/core" xmlns:http="http://www.mulesoft.org/schema/mule/http"
	xmlns:wsc="http://www.mulesoft.org/schema/mule/wsc"
	xmlns="http://www.mulesoft.org/schema/mule/core" xmlns:doc="http://www.mulesoft.org/schema/mule/documentation" xmlns:xsi="http://www.w3.org/2001/XMLSchema-instance" xsi:schemaLocation="http://www.mulesoft.org/schema/mule/core http://www.mulesoft.org/schema/mule/core/current/mule.xsd
http://www.mulesoft.org/schema/mule/wsc http://www.mulesoft.org/schema/mule/wsc/current/mule-wsc.xsd
http://www.mulesoft.org/schema/mule/http http://www.mulesoft.org/schema/mule/http/current/mule-http.xsd
http://www.mulesoft.org/schema/mule/ee/core http://www.mulesoft.org/schema/mule/ee/core/current/mule-ee.xsd">
	<http:listener-config name="HTTP_Listener_config" doc:name="HTTP Listener config" doc:id="42f72c70-6eea-4131-b737-568de9cd6a9b" basePath="/Careweb" >
		<http:listener-connection host="0.0.0.0" port="7001" />
	</http:listener-config>
	<wsc:config name="Web_Service_Consumer_Config" doc:name="Web Service Consumer Config" doc:id="8f349bee-2e0a-4066-9f30-bf880a454e71" >
		<wsc:connection wsdlLocation="https://sms.careweb.net/careweb/webservice/v2/soap11/Appointments.wsdl" service="AppointmentService" port="AppointmentPort" address="/v2/soap11/Appointment" >
			<wsc:web-service-security actor="http://schemas.xmlsoap.org/soap/actor/next" />
		</wsc:connection>
	</wsc:config>
	<flow name="poc_careweb_soapFlow" doc:id="9c0629bf-29c8-4883-8df3-9463e0679652" >
		<http:listener doc:name="Listener" doc:id="a0f69397-6954-47a5-924b-022021eed47a" config-ref="HTTP_Listener_config" path="/test"/>
		<set-variable value="2018-01-01T00:00:00" doc:name="Set Variable" doc:id="49ef03b1-89ca-42b2-bc61-71d4d7ab1a03" variableName="start_datum_tijd"/>
		<set-variable value="2018-01-01T00:01:00" doc:name="Set Variable" doc:id="3b846c38-4b35-440c-8cdf-4b4d06fd4eb9" variableName="eind_datum_tijd"/>
		<set-payload value='#[%dw 2.0
output application/xml
ns soapenv http://schemas.xmlsoap.org/soap/envelope/ 
ns com http://schemas.careweb.nl/webservice/2.0/types/common
ns app http://schemas.careweb.nl/webservice/2.0/schema/appointment
---
{
	soapenv#Envelope:{
		soapenv#Header:{
			app#authenticationDetails:{
				com#userId:"638288",
				com#organisationToken:"15511"
			}
		},
		soapenv#Body:{
			app#ListCaretakerAppointmentsRequest:{
				app#startDateTime:vars.start_datum_tijd,
				app#endDateTime:vars.eind_datum_tijd
			}
		}
	}

}]' doc:name="Set Payload" doc:id="e11c818b-d54d-4f02-98f7-2b8ec955a677" />
		<wsc:consume operation="ListCaretakerAppointments" doc:name="Consume" doc:id="46db0ea6-f215-4b3f-b07c-6a1b1ad2ce6e" config-ref="Web_Service_Consumer_Config">
			<wsc:message >
				<wsc:body ><![CDATA[#[%dw 2.0
output application/xml
ns soapenv http://schemas.xmlsoap.org/soap/envelope/ 
ns com http://schemas.careweb.nl/webservice/2.0/types/common
ns app http://schemas.careweb.nl/webservice/2.0/schema/appointment
---
{
	soapenv#Envelope:{
		soapenv#Header:{
			app#authenticationDetails:{
				com#userId:"638288",
				com#organisationToken:"15511"
			}
		},
		soapenv#Body:{
			app#ListCaretakerAppointmentsRequest:{
				app#startDateTime:vars.start_datum_tijd,
				app#endDateTime:vars.eind_datum_tijd
			}
		}
	}

}]]]></wsc:body>
			</wsc:message>
		</wsc:consume>
	</flow>
</mule>
