<?xml version="1.0" encoding="UTF-8"?>
<sequence name="GetDienstverbandenFaultSequence" trace="disable" xmlns="http://ws.apache.org/ns/synapse">
    <call-template description="Log-INFO" target="gov:com/commons/util/v1/templates/LoggerTemplate.xml">
        <with-param name="SequenceName" value="GetDienstverbandenFaultSequence"/>
        <with-param name="Message" value="Error occurred in GetDienstverbanden"/>
        <with-param name="LogLevel" value="INFO"/>
    </call-template>
    <payloadFactory media-type="xml">
        <format>
            <GetMedewerkerResponse>
                <ResponseCode>SDB-E-9999</ResponseCode>
                <ResponseMessage>An unexpected error has occurred.</ResponseMessage>
            </GetMedewerkerResponse>
        </format>
        <args>
            <arg evaluator="xml" expression="get-property('UserMessage')" xmlns:ns="http://org.apache.synapse/xsd"/>
        </args>
    </payloadFactory>
    <switch source="get-property('ResponseType')" xmlns:ns="http://org.apache.synapse/xsd">
        <case regex="application/xml">
            <header name="Accept" scope="transport" value="application/xml"/>
            <property description="ContentType" name="ContentType" scope="axis2" type="STRING" value="application/xml"/>
            <property description="messageType" name="messageType" scope="axis2" type="STRING" value="application/xml"/>
        </case>
        <case regex="application/json">
            <header name="Accept" scope="transport" value="application/json"/>
            <property description="ContentType" name="ContentType" scope="axis2" type="STRING" value="application/json"/>
            <property description="messageType" name="messageType" scope="axis2" type="STRING" value="application/json"/>
        </case>
        <default>
            <header name="Accept" scope="transport" value="application/xml"/>
            <property description="ContentType" name="ContentType" scope="axis2" type="STRING" value="application/xml"/>
            <property description="messageType" name="messageType" scope="axis2" type="STRING" value="application/xml"/>
        </default>
    </switch>
    <property action="remove" name="NO_ENTITY_BODY" scope="axis2"/>
    <property name="HTTP_SC" scope="axis2" type="STRING" value="500"/>
    <respond/>
</sequence>
