<?xml version="1.0" encoding="UTF-8"?>
<sequence name="GetKostenplaatsenInSequence" trace="disable" xmlns="http://ws.apache.org/ns/synapse">
    <log level="full" separator="---=== GetMedewerkersInSequence ===---"/>
    <property description="OperationName" name="UserDataOperationName" scope="default" type="STRING" value="Getkostenplaatsen"/>
    <property description="ResponseType" expression="get-property('transport', 'Accept')" name="ResponseType" scope="default" type="STRING" xmlns:ns="http://org.apache.synapse/xsd"/>
    <property description="ContentType" name="ContentType" scope="axis2" type="STRING" value="application/xml"/>
    <property description="messageType" name="messageType" scope="axis2" type="STRING" value="application/xml"/>
    <payloadFactory description="CDMRequest" media-type="xml">
        <format>
            <GetkostenplaatsenRequest>
                <Id>$1</Id>
            </GetkostenplaatsenRequest>
        </format>
        <args>
            <arg evaluator="xml" expression="get-property('query.param.Id')"/>
        </args>
    </payloadFactory>
    <property description="Id" expression="//*[local-name()='Id']" name="Id" scope="default" type="STRING" xmlns:ns="http://org.apache.synapse/xsd"/>
    <filter xpath="//*[local-name()='Id'] ='' or //*[local-name()='Id'] !='101'">
        <then>
            <call-template description="" target="gov:com/commons/util/v1/templates/LoggerTemplate.xml">
                <with-param name="SequenceName" value="GetKostenplaatsenInSequence"/>
                <with-param name="Message" value="Going to send Response."/>
                <with-param name="LogLevel" value="INFO"/>
            </call-template>
            <header name="Accept" scope="transport" value="application/xml"/>
            <property description="ContentType" name="ContentType" scope="axis2" type="STRING" value="application/xml"/>
            <property description="messageType" name="messageType" scope="axis2" type="STRING" value="application/xml"/>
            <sequence description="" key="GetResponse"/>
        </then>
        <else>
            <payloadFactory description="CDMRequest" media-type="xml">
                <format>
                    <GetMedewerkersResponse>
                        <Result>
                            <ResponseCode>SDB-W-0001</ResponseCode>
                            <ResponseMessage>Invalid Id</ResponseMessage>
                        </Result>
                    </GetMedewerkersResponse>
                </format>
                <args/>
            </payloadFactory>
            <log separator="---=== Error while filtering the message===----"/>
            <sequence key="SendResponse"/>
        </else>
    </filter>
</sequence>
