<?xml version="1.0" encoding="UTF-8"?>
<sequence name="GetResponse" trace="disable" xmlns="http://ws.apache.org/ns/synapse">
    <switch source="get-property('UserDataOperationName')">
        <case regex="GetMedewerkers">
            <payloadFactory description="Response" media-type="xml">
                <format>
                    <Medewerker xmlns:xsd="http://www.w3.org/2001/XMLSchema" xmlns:xsi="http://www.w3.org/2001/XMLSchema-instance">
                        <Id>$1</Id>
                        <Voorletters>sample string 2</Voorletters>
                        <Tussenvoegsel>sample string 3</Tussenvoegsel>
                        <AchterNaam>sample string 4</AchterNaam>
                        <RoepNaam>Ross</RoepNaam>
                        <Geslacht>sample string 6</Geslacht>
                        <GeboorteDatum>2018-04-20T06:20:30.236049+02:00</GeboorteDatum>
                        <DatumInSector>2018-04-20T06:20:30.236049+02:00</DatumInSector>
                        <GeboortePlaats>sample string 8</GeboortePlaats>
                        <BurgerServiceNummer>sample string 9</BurgerServiceNummer>
                        <Burgerlijkestaat>
                            <Code>sample string 1</Code>
                            <Omschrijving>sample string 2</Omschrijving>
                        </Burgerlijkestaat>
                        <Nationaliteit>
                            <Code>sample string 1</Code>
                            <Omschrijving>sample string 2</Omschrijving>
                        </Nationaliteit>
                        <Titel>sample string 10</Titel>
                        <IsBedrijfsHulpVerlener>true</IsBedrijfsHulpVerlener>
                        <Tenaamstelling>
                            <Code>sample string 1</Code>
                            <Omschrijving>sample string 2</Omschrijving>
                        </Tenaamstelling>
                        <Email>sample string 12</Email>
                        <PartnerVoorletters>sample string 13</PartnerVoorletters>
                        <PartnerTussenvoegsel>sample string 14</PartnerTussenvoegsel>
                        <PartnerAchternaam>sample string 15</PartnerAchternaam>
                        <PartnerGeboortedatum>2018-04-20T06:20:30.236049+02:00</PartnerGeboortedatum>
                    </Medewerker>
                </format>
                <args>
                    <arg evaluator="xml" expression="get-property('EmployeeId')"/>
                </args>
            </payloadFactory>
            <sequence key="SendResponse"/>
        </case>
        <case regex="GetDienstverbanden">
            <payloadFactory description="Response" media-type="xml">
                <format>
                    <Dienstverband>
                        <Id>100</Id>
                        <MedewerkerId>$1</MedewerkerId>
                        <Functie>
                            <Code>sample string 1</Code>
                            <Omschrijving>PMT</Omschrijving>
                            <Kostprijs>1.1</Kostprijs>
                            <Productiviteitsfactor>3.1</Productiviteitsfactor>
                            <EindDatum>2018-04-20T06:20:29.5184168+02:00</EindDatum>
                            <Kostensoort>
                                <Code>1</Code>
                                <Omschrijving>sample string 2</Omschrijving>
                                <EindDatum>2018-04-20T06:20:29.5184168+02:00</EindDatum>
                            </Kostensoort>
                            <FunctieNiveau>
                                <Code>sample string 1</Code>
                                <Omschrijving>sample string 2</Omschrijving>
                            </FunctieNiveau>
                        </Functie>
                        <DatumInDienst>2018-04-20T06:20:29.5184168+02:00</DatumInDienst>
                        <DatumUitDienst>2018-04-20T06:20:29.5184168+02:00</DatumUitDienst>
                        <UrenPerWeek>36.0</UrenPerWeek>
                        <UrenPerWeekMax>1.1</UrenPerWeekMax>
                        <DagenPerWeek>1.1</DagenPerWeek>
                        <IsOnbepaald>true</IsOnbepaald>
                        <ORTBerekenenUit>true</ORTBerekenenUit>
                        <Contractvorm>
                            <Code>sample string 1</Code>
                            <IsSalaris>true</IsSalaris>
                            <Omschrijving>sample string 3</Omschrijving>
                        </Contractvorm>
                        <Contract>
                            <Nummer>1</Nummer>
                            <BeginDatum>2018-04-20T06:20:29.5184168+02:00</BeginDatum>
                            <EindDatum>2018-04-20T06:20:29.5184168+02:00</EindDatum>
                        </Contract>
                        <Afdeling>
                            <Code>sample string 1</Code>
                            <Omschrijving>sample string 2</Omschrijving>
                            <EindDatum>2018-04-20T06:20:29.5184168+02:00</EindDatum>
                            <Kostenplaats>
                                <Code>1</Code>
                                <Omschrijving>8000</Omschrijving>
                                <EindDatum>2018-04-20T06:20:29.5184168+02:00</EindDatum>
                            </Kostenplaats>
                            <HoofdAfdeling>
                                <Code>sample string 1</Code>
                                <Omschrijving>sample string 2</Omschrijving>
                            </HoofdAfdeling>
                        </Afdeling>
                        <Werklocatie>sample string 6</Werklocatie>
                        <SalarisNominaal>1</SalarisNominaal>
                        <SalarisJaarloon>1</SalarisJaarloon>
                        <CAO>
                            <Code>sample string 1</Code>
                            <Omschrijving>sample string 2</Omschrijving>
                        </CAO>
                        <SchaalTrede>
                            <Id>1</Id>
                            <Schaal>sample string 2</Schaal>
                            <Trede>sample string 3</Trede>
                            <InpassingCode>sample string 4</InpassingCode>
                            <Bedrag>5</Bedrag>
                            <Omschrijving>sample string 6</Omschrijving>
                            <BeginDatum>2018-04-20T06:20:29.5184168+02:00</BeginDatum>
                            <EindDatum>2018-04-20T06:20:29.5184168+02:00</EindDatum>
                        </SchaalTrede>
                        <GarantieCAO>
                            <Code>sample string 1</Code>
                            <Omschrijving>sample string 2</Omschrijving>
                        </GarantieCAO>
                        <GarantieSchaal>
                            <Id>1</Id>
                            <Schaal>sample string 2</Schaal>
                            <Trede>sample string 3</Trede>
                            <InpassingCode>sample string 4</InpassingCode>
                            <Bedrag>5</Bedrag>
                            <Omschrijving>sample string 6</Omschrijving>
                            <BeginDatum>2018-04-20T06:20:29.5184168+02:00</BeginDatum>
                            <EindDatum>2018-04-20T06:20:29.5184168+02:00</EindDatum>
                        </GarantieSchaal>
                        <AncienniteitsMaand>1</AncienniteitsMaand>
                        <ExtraPeriodiek>1</ExtraPeriodiek>
                        <BlokkerenPeriodiek>
                            <Id>1</Id>
                            <Omschrijving>sample string 2</Omschrijving>
                        </BlokkerenPeriodiek>
                        <OntslagCode>
                            <Code>sample string 1</Code>
                            <Omschrijving>sample string 2</Omschrijving>
                        </OntslagCode>
                        <Kostensoort1>
                            <Code>1</Code>
                            <Omschrijving>sample string 2</Omschrijving>
                            <EindDatum>2018-04-20T06:20:29.5184168+02:00</EindDatum>
                        </Kostensoort1>
                        <Kostensoort2>
                            <Code>1</Code>
                            <Omschrijving>sample string 2</Omschrijving>
                            <EindDatum>2018-04-20T06:20:29.5184168+02:00</EindDatum>
                        </Kostensoort2>
                        <Kostensoort3>
                            <Code>1</Code>
                            <Omschrijving>sample string 2</Omschrijving>
                            <EindDatum>2018-04-20T06:20:29.5184168+02:00</EindDatum>
                        </Kostensoort3>
                        <Kostensoort4>
                            <Code>1</Code>
                            <Omschrijving>sample string 2</Omschrijving>
                            <EindDatum>2018-04-20T06:20:29.5184168+02:00</EindDatum>
                        </Kostensoort4>
                        <Kostenplaats1>
                            <Code>1</Code>
                            <Omschrijving>sample string 2</Omschrijving>
                            <EindDatum>2018-04-20T06:20:29.5184168+02:00</EindDatum>
                        </Kostenplaats1>
                        <Kostenplaats2>
                            <Code>1</Code>
                            <Omschrijving>sample string 2</Omschrijving>
                            <EindDatum>2018-04-20T06:20:29.5184168+02:00</EindDatum>
                        </Kostenplaats2>
                        <Kostenplaats3>
                            <Code>1</Code>
                            <Omschrijving>sample string 2</Omschrijving>
                            <EindDatum>2018-04-20T06:20:29.5184168+02:00</EindDatum>
                        </Kostenplaats3>
                        <Kostenplaats4>
                            <Code>1</Code>
                            <Omschrijving>sample string 2</Omschrijving>
                            <EindDatum>2018-04-20T06:20:29.5184168+02:00</EindDatum>
                        </Kostenplaats4>
                        <Kostenverdeling1>7.1</Kostenverdeling1>
                        <Kostenverdeling2>1.1</Kostenverdeling2>
                        <Kostenverdeling3>1.1</Kostenverdeling3>
                        <Kostenverdeling4>1.1</Kostenverdeling4>
                    </Dienstverband>
                </format>
                <args>
                    <arg evaluator="xml" expression="get-property('MedewerkerId')"/>
                </args>
            </payloadFactory>
            <sequence key="SendResponse"/>
        </case>
        <case regex="GetFuncties">
            <payloadFactory description="Response" media-type="xml">
                <format>
                    <Functie xmlns:xsd="http://www.w3.org/2001/XMLSchema" xmlns:xsi="http://www.w3.org/2001/XMLSchema-instance">
                        <Code>sample string 1</Code>
                        <Omschrijving>sample string 2</Omschrijving>
                        <Kostprijs>1.1</Kostprijs>
                        <Productiviteitsfactor>3.1</Productiviteitsfactor>
                        <EindDatum>2018-04-20T06:20:29.8460315+02:00</EindDatum>
                        <Kostensoort>
                            <Code>1</Code>
                            <Omschrijving>sample string 2</Omschrijving>
                            <EindDatum>2018-04-20T06:20:29.8460315+02:00</EindDatum>
                        </Kostensoort>
                        <FunctieNiveau>
                            <Code>sample string 1</Code>
                            <Omschrijving>sample string 2</Omschrijving>
                        </FunctieNiveau>
                    </Functie>
                </format>
                <args>
                    <arg evaluator="xml" expression="get-property('EmployeeId')"/>
                </args>
            </payloadFactory>
            <sequence key="SendResponse"/>
        </case>
        <case regex="Getkostenplaatsen">
            <payloadFactory description="Response" media-type="xml">
                <format>
                    <Kostenplaats xmlns:xsd="http://www.w3.org/2001/XMLSchema" xmlns:xsi="http://www.w3.org/2001/XMLSchema-instance">
                        <Code>1</Code>
                        <Omschrijving>sample string 2</Omschrijving>
                        <EindDatum>2018-04-20T06:20:29.924035+02:00</EindDatum>
                    </Kostenplaats>
                </format>
                <args>
                    <arg evaluator="xml" expression="get-property('EmployeeId')"/>
                </args>
            </payloadFactory>
            <sequence key="SendResponse"/>
        </case>
        <default>
            <call-template description="" target="gov:com/commons/util/v1/templates/LoggerTemplate.xml">
                <with-param name="SequenceName" value="GetResponse"/>
                <with-param name="Message" value="Operation Name not found"/>
                <with-param name="LogLevel" value="WARN"/>
            </call-template>
            <drop/>
        </default>
    </switch>
</sequence>
