<?xml version="1.0" encoding="UTF-8"?>

<mule xmlns:db="http://www.mulesoft.org/schema/mule/db" xmlns:http="http://www.mulesoft.org/schema/mule/http"
	xmlns="http://www.mulesoft.org/schema/mule/core"
	xmlns:doc="http://www.mulesoft.org/schema/mule/documentation" xmlns:xsi="http://www.w3.org/2001/XMLSchema-instance" xsi:schemaLocation="http://www.mulesoft.org/schema/mule/core http://www.mulesoft.org/schema/mule/core/current/mule.xsd
http://www.mulesoft.org/schema/mule/http http://www.mulesoft.org/schema/mule/http/current/mule-http.xsd
http://www.mulesoft.org/schema/mule/db http://www.mulesoft.org/schema/mule/db/current/mule-db.xsd">
	<http:listener-config name="entrypoint_forminstances_orch" doc:name="HTTP Listener config" doc:id="153eeb04-204e-49a2-9a03-82ae49cd80bb" basePath="/forminstances_orch" >
		<http:listener-connection host="localhost" port="8052" />
	</http:listener-config>
	<http:request-config name="HTTP_Request_configuration" doc:name="HTTP Request configuration" doc:id="6df72ec9-926c-4e78-83ee-05fde55dfa3b" basePath="/forminstances_ds">
		<http:request-connection host="localhost" port="8051" />
	</http:request-config>
	<db:config name="Database_Config" doc:name="Database Config" doc:id="e365d2f2-e041-4861-95e6-1e782cfbe82a" >
		<db:my-sql-connection host="localhost" port="3306" user="GGMD" password="nhf64tw2!dcDDn" database="GGMDLOAD" />
	</db:config>
	<flow name="forminstances_orch" doc:id="663a36cb-9e69-4797-aead-16f349fa0699" >
		<http:listener doc:name="entrypoint_forminstances_orch" doc:id="02f30066-ba01-4344-969d-618a68680e9e" config-ref="entrypoint_forminstances_orch" path="/start"/>
		<http:request method="GET" doc:name="truncate_load_cw_forminstances" doc:id="6356ea0c-6cb0-4ae2-b7f0-233a113f614b" config-ref="HTTP_Request_configuration" path="/truncate"/>
		<http:request method="GET" doc:name="get_cw_forminstances" doc:id="4e2a0fae-72d0-4b11-866c-e662ad44c9f5" config-ref="HTTP_Request_configuration" path="/get_requests" doc:description="This requests triggers the forminstances_ds to sent the requests to the queue forminstances_request"/>
		<set-payload value="#['done loading the requests']" doc:name="Set Payload" doc:id="921947de-0224-4883-a930-048b512afd70" />
	</flow>
</mule>
