<?xml version="1.0" encoding="UTF-8"?>

<mule xmlns:jms="http://www.mulesoft.org/schema/mule/jms" xmlns:xml-module="http://www.mulesoft.org/schema/mule/xml-module"
	xmlns:http="http://www.mulesoft.org/schema/mule/http"
	xmlns:db="http://www.mulesoft.org/schema/mule/db" xmlns="http://www.mulesoft.org/schema/mule/core" xmlns:doc="http://www.mulesoft.org/schema/mule/documentation" xmlns:xsi="http://www.w3.org/2001/XMLSchema-instance" xsi:schemaLocation="http://www.mulesoft.org/schema/mule/core http://www.mulesoft.org/schema/mule/core/current/mule.xsd
http://www.mulesoft.org/schema/mule/db http://www.mulesoft.org/schema/mule/db/current/mule-db.xsd
http://www.mulesoft.org/schema/mule/http http://www.mulesoft.org/schema/mule/http/current/mule-http.xsd
http://www.mulesoft.org/schema/mule/xml-module http://www.mulesoft.org/schema/mule/xml-module/current/mule-xml-module.xsd
http://www.mulesoft.org/schema/mule/jms http://www.mulesoft.org/schema/mule/jms/current/mule-jms.xsd">

	<http:request-config name="careweb_config" doc:name="HTTP Request configuration" doc:id="7a10aec5-a9ea-46c2-bb02-de95c870d7dd">
		<http:request-connection protocol="HTTPS" host="sms.careweb.net"/>
	</http:request-config>
	
	<jms:config name="JMS_Config" doc:name="JMS Config" doc:id="8b596f5d-d6a5-408c-94f0-3caaed83c3c4" >
		<jms:active-mq-connection username="admin" password="admin" >
			<jms:factory-configuration brokerUrl="tcp://localhost:61616" />
		</jms:active-mq-connection>
	</jms:config>
	<flow name="listforminstance-flow" doc:id="7db044b0-2e3b-4264-823e-cc8e899bfdd2" >
		
			<jms:listener doc:name="listener_for_forminstances_requests" doc:id="48ae64f6-fc52-499b-ad75-71f3576503f3" config-ref="JMS_Config" destination="forminstances_request"/>
		<http:request method="POST" doc:name="list_forminstances" doc:id="66354709-ac0a-453d-b1ba-382f996e9e9c" config-ref="careweb_config" path="/careweb/webservice/v2/soap11/FormInstance" outputMimeType="text/xml">
				<http:headers ><![CDATA[#[output application/java
---
{
	"Accept" : "text/xml"
}]]]></http:headers>
			</http:request>
			<jms:publish doc:name="publish_forminstance" doc:id="60b9381d-e0da-47cd-95ea-96752828eb43" config-ref="JMS_Config" destination="forminstance"/>
		<set-payload value="#['done publishing']" doc:name="end_message" doc:id="883e7f90-fecf-4f69-a9f6-d28703bf021b" />
	</flow>
</mule>
