<?xml version="1.0" encoding="UTF-8"?>
<task class="org.apache.synapse.startup.tasks.MessageInjector" group="synapse.simple.quartz" name="SynchronizeEmployeeTableSchedule" pinnedServers="localhost" xmlns="http://ws.apache.org/ns/synapse">
    <trigger cron="0 0 5 ? * SAT *"/>
    <property name="format" value="soap11" xmlns:task="http://www.wso2.org/products/wso2commons/tasks"/>
    <property name="injectTo" value="proxy" xmlns:task="http://www.wso2.org/products/wso2commons/tasks"/>
    <property name="to" value="services/SynchronizeEmployeeDataPXS" xmlns:task="http://www.wso2.org/products/wso2commons/tasks"/>
    <property name="message" xmlns:task="http://www.wso2.org/products/wso2commons/tasks">
        <m0:Message xmlns:m0="http://services.samples">
            <m0:request>
                <m0:data>Synchronize Employee Tables Proces Scheduler Message is Fired</m0:data>
            </m0:request>
        </m0:Message>
    </property>
    <property name="soapAction" value="urn:mediate" xmlns:task="http://www.wso2.org/products/wso2commons/tasks"/>
    <property name="proxyName" value="SynchronizeEmployeeDataPXS" xmlns:task="http://www.wso2.org/products/wso2commons/tasks"/>
</task>
