<?xml version="1.0" encoding="UTF-8"?><artifacts>
    <artifact name="GetTheEmployeeContractIds_xslt" groupId="com.example.SynchronizeEmployeeDataESB.resource" version="1.0.0" type="registry/resource" serverRole="EnterpriseIntegrator">
        <item>
            <file>GetTheEmployeeContractIds.xslt</file>
            <path>/_system/governance/custom</path>
            <mediaType>application/xslt+xml</mediaType>
        </item>
    </artifact>
    <artifact name="MapDienstverbandperiodes_TO_CDM_xslt" groupId="com.example.SynchronizeEmployeeDataESB.resource" version="1.0.0" type="registry/resource" serverRole="EnterpriseIntegrator">
        <item>
            <file>MapDienstverbandperiodes_TO_CDM.xslt</file>
            <path>/_system/governance/custom</path>
            <mediaType>application/xslt+xml</mediaType>
        </item>
    </artifact>
    <artifact name="SBDMedewerker_TO_CDMEmployee_xslt" groupId="com.example.SynchronizeEmployeeDataESB.resource" version="1.0.0" type="registry/resource" serverRole="EnterpriseIntegrator">
        <item>
            <file>SBDMedewerker_TO_CDMEmployee.xslt</file>
            <path>/_system/governance/custom</path>
            <mediaType>application/xslt+xml</mediaType>
        </item>
    </artifact>
    <artifact name="SDBDienstVerband_TO_CDMEmployeeContracts_xsl" groupId="com.example.SynchronizeEmployeeDataESB.resource" version="1.0.0" type="registry/resource" serverRole="EnterpriseIntegrator">
        <item>
            <file>SDBDienstVerband_TO_CDMEmployeeContracts.xsl</file>
            <path>/_system/governance/custom</path>
            <mediaType>application/xsl+xml</mediaType>
        </item>
    </artifact>
    <artifact name="CreateEmployeeContractRequest_xsl" groupId="com.example.SynchronizeEmployeeDataESB.resource" version="1.0.0" type="registry/resource" serverRole="EnterpriseIntegrator">
        <item>
            <file>CreateEmployeeContractRequest.xsl</file>
            <path>/_system/governance/custom</path>
            <mediaType>application/xsl+xml</mediaType>
        </item>
    </artifact>
    <artifact name="CreateEmployeeRequest_xsl" groupId="com.example.SynchronizeEmployeeDataESB.resource" version="1.0.0" type="registry/resource" serverRole="EnterpriseIntegrator">
        <item>
            <file>CreateEmployeeRequest.xsl</file>
            <path>/_system/governance/custom</path>
            <mediaType>application/xsl+xml</mediaType>
        </item>
    </artifact>
    <artifact name="CreateEmployeeContractLineRequest_xsl" groupId="com.example.SynchronizeEmployeeDataESB.resource" version="1.0.0" type="registry/resource" serverRole="EnterpriseIntegrator">
        <item>
            <file>CreateEmployeeContractLineRequest.xsl</file>
            <path>/_system/governance/custom</path>
            <mediaType>application/xsl+xml</mediaType>
        </item>
    </artifact>
</artifacts>
