<?xml version="1.0" encoding="UTF-8"?><artifacts>
    <artifact name="SDBMockService" groupId="nl.ggmd.wso2.sdbmockservice.api" version="1.0.0" type="synapse/api" serverRole="EnterpriseServiceBus">
        <file>src/main/synapse-config/api/SDBMockService.xml</file>
    </artifact>
    <artifact name="GetMedewerkersFaultSequence" groupId="nl.ggmd.wso2.sdbmockservice.sequence" version="1.0.0" type="synapse/sequence" serverRole="EnterpriseServiceBus">
        <file>src/main/synapse-config/sequences/GetMedewerkersFaultSequence.xml</file>
    </artifact>
    <artifact name="GetMedewerkersInSequence" groupId="nl.ggmd.wso2.sdbmockservice.sequence" version="1.0.0" type="synapse/sequence" serverRole="EnterpriseServiceBus">
        <file>src/main/synapse-config/sequences/GetMedewerkersInSequence.xml</file>
    </artifact>
    <artifact name="GetDienstverbandenInSequence" groupId="nl.ggmd.wso2.sdbmockservice.sequence" version="1.0.0" type="synapse/sequence" serverRole="EnterpriseServiceBus">
        <file>src/main/synapse-config/sequences/GetDienstverbandenInSequence.xml</file>
    </artifact>
    <artifact name="GetDienstverbandenFaultSequence" groupId="nl.ggmd.wso2.sdbmockservice.sequence" version="1.0.0" type="synapse/sequence" serverRole="EnterpriseServiceBus">
        <file>src/main/synapse-config/sequences/GetDienstverbandenFaultSequence.xml</file>
    </artifact>
    <artifact name="GetResponse" groupId="nl.ggmd.wso2.sdbmockservice.sequence" version="1.0.0" type="synapse/sequence" serverRole="EnterpriseServiceBus">
        <file>src/main/synapse-config/sequences/GetResponse.xml</file>
    </artifact>
    <artifact name="GetFunctiesFaultSequence" groupId="nl.ggmd.wso2.sdbmockservice.sequence" version="1.0.0" type="synapse/sequence" serverRole="EnterpriseServiceBus">
        <file>src/main/synapse-config/sequences/GetFunctiesFaultSequence.xml</file>
    </artifact>
    <artifact name="GetFunctiesInSequence" groupId="nl.ggmd.wso2.sdbmockservice.sequence" version="1.0.0" type="synapse/sequence" serverRole="EnterpriseServiceBus">
        <file>src/main/synapse-config/sequences/GetFunctiesInSequence.xml</file>
    </artifact>
    <artifact name="GetKostenplaatsenInSequence" groupId="nl.ggmd.wso2.sdbmockservice.sequence" version="1.0.0" type="synapse/sequence" serverRole="EnterpriseServiceBus">
        <file>src/main/synapse-config/sequences/GetKostenplaatsenInSequence.xml</file>
    </artifact>
    <artifact name="GetKostenplaatsenFaultSequence" groupId="nl.ggmd.wso2.sdbmockservice.sequence" version="1.0.0" type="synapse/sequence" serverRole="EnterpriseServiceBus">
        <file>src/main/synapse-config/sequences/GetKostenplaatsenFaultSequence.xml</file>
    </artifact>
    <artifact name="SendResponse" groupId="nl.ggmd.wso2.sdbmockservice.sequence" version="1.0.0" type="synapse/sequence" serverRole="EnterpriseServiceBus">
        <file>src/main/synapse-config/sequences/SendResponse.xml</file>
    </artifact>
    <artifact name="GetEmploymentContractsFaultSequence" groupId="nl.ggmd.wso2.sdbmockservice.sequence" version="1.0.0" type="synapse/sequence" serverRole="EnterpriseServiceBus">
        <file>src/main/synapse-config/sequences/GetEmploymentContractsFaultSequence.xml</file>
    </artifact>
</artifacts>
