<?xml version="1.0" encoding="UTF-8"?><artifacts>
    <artifact name="ClientManagement" groupId="nl.weintegrate.wealert.services.clientmanagement.wso2.api" version="1.0.0" type="synapse/api" serverRole="EnterpriseServiceBus">
        <file>src/main/synapse-config/api/ClientManagement.xml</file>
    </artifact>
    <artifact name="CreateUserInSequence" groupId="nl.weintegrate.wealert.services.clientmanagement.wso2.sequence" version="1.0.0" type="synapse/sequence" serverRole="EnterpriseServiceBus">
        <file>src/main/synapse-config/sequences/CreateUserInSequence.xml</file>
    </artifact>
    <artifact name="ValidateCreateUserCDMRequest" groupId="nl.weintegrate.wealert.services.clientmanagement.wso2.sequence" version="1.0.0" type="synapse/sequence" serverRole="EnterpriseServiceBus">
        <file>src/main/synapse-config/sequences/ValidateCreateUserCDMRequest.xml</file>
    </artifact>
    <artifact name="ConvertCreateUserCDMRequestToIAMRequest" groupId="nl.weintegrate.wealert.services.clientmanagement.wso2.sequence" version="1.0.0" type="synapse/sequence" serverRole="EnterpriseServiceBus">
        <file>src/main/synapse-config/sequences/ConvertCreateUserCDMRequestToIAMRequest.xml</file>
    </artifact>
    <artifact name="CreateUserOutSequence" groupId="nl.weintegrate.wealert.services.clientmanagement.wso2.sequence" version="1.0.0" type="synapse/sequence" serverRole="EnterpriseServiceBus">
        <file>src/main/synapse-config/sequences/CreateUserOutSequence.xml</file>
    </artifact>
    <artifact name="ValidateCreateUserCDMResponse" groupId="nl.weintegrate.wealert.services.clientmanagement.wso2.sequence" version="1.0.0" type="synapse/sequence" serverRole="EnterpriseServiceBus">
        <file>src/main/synapse-config/sequences/ValidateCreateUserCDMResponse.xml</file>
    </artifact>
    <artifact name="ConvertCreateUserIAMResponseToCDMResponse" groupId="nl.weintegrate.wealert.services.clientmanagement.wso2.sequence" version="1.0.0" type="synapse/sequence" serverRole="EnterpriseServiceBus">
        <file>src/main/synapse-config/sequences/ConvertCreateUserIAMResponseToCDMResponse.xml</file>
    </artifact>
    <artifact name="CreateUserFaultSequence" groupId="nl.weintegrate.wealert.services.clientmanagement.wso2.sequence" version="1.0.0" type="synapse/sequence" serverRole="EnterpriseServiceBus">
        <file>src/main/synapse-config/sequences/CreateUserFaultSequence.xml</file>
    </artifact>
    <artifact name="DeleteUserInSequence" groupId="nl.weintegrate.wealert.services.clientmanagement.wso2.sequence" version="1.0.0" type="synapse/sequence" serverRole="EnterpriseServiceBus">
        <file>src/main/synapse-config/sequences/DeleteUserInSequence.xml</file>
    </artifact>
    <artifact name="ValidateDeleteUserCDMRequest" groupId="nl.weintegrate.wealert.services.clientmanagement.wso2.sequence" version="1.0.0" type="synapse/sequence" serverRole="EnterpriseServiceBus">
        <file>src/main/synapse-config/sequences/ValidateDeleteUserCDMRequest.xml</file>
    </artifact>
    <artifact name="ConvertDeleteUserCDMRequestToIAMRequest" groupId="nl.weintegrate.wealert.services.clientmanagement.wso2.sequence" version="1.0.0" type="synapse/sequence" serverRole="EnterpriseServiceBus">
        <file>src/main/synapse-config/sequences/ConvertDeleteUserCDMRequestToIAMRequest.xml</file>
    </artifact>
    <artifact name="DeleteUserOutSequence" groupId="nl.weintegrate.wealert.services.clientmanagement.wso2.sequence" version="1.0.0" type="synapse/sequence" serverRole="EnterpriseServiceBus">
        <file>src/main/synapse-config/sequences/DeleteUserOutSequence.xml</file>
    </artifact>
    <artifact name="ValidateDeleteUserCDMResponse" groupId="nl.weintegrate.wealert.services.clientmanagement.wso2.sequence" version="1.0.0" type="synapse/sequence" serverRole="EnterpriseServiceBus">
        <file>src/main/synapse-config/sequences/ValidateDeleteUserCDMResponse.xml</file>
    </artifact>
    <artifact name="ConvertDeleteUserIAMResponseToCDMResponse" groupId="nl.weintegrate.wealert.services.clientmanagement.wso2.sequence" version="1.0.0" type="synapse/sequence" serverRole="EnterpriseServiceBus">
        <file>src/main/synapse-config/sequences/ConvertDeleteUserIAMResponseToCDMResponse.xml</file>
    </artifact>
    <artifact name="DeleteUserFaultSequence" groupId="nl.weintegrate.wealert.services.clientmanagement.wso2.sequence" version="1.0.0" type="synapse/sequence" serverRole="EnterpriseServiceBus">
        <file>src/main/synapse-config/sequences/DeleteUserFaultSequence.xml</file>
    </artifact>
    <artifact name="UpdateUserCMInSequence" groupId="nl.weintegrate.wealert.services.clientmanagement.wso2.sequence" version="1.0.0" type="synapse/sequence" serverRole="EnterpriseServiceBus">
        <file>src/main/synapse-config/sequences/UpdateUserCMInSequence.xml</file>
    </artifact>
    <artifact name="ValidateUpdateUserCDMCMRequest" groupId="nl.weintegrate.wealert.services.clientmanagement.wso2.sequence" version="1.0.0" type="synapse/sequence" serverRole="EnterpriseServiceBus">
        <file>src/main/synapse-config/sequences/ValidateUpdateUserCDMCMRequest.xml</file>
    </artifact>
    <artifact name="ConvertUpdateUserCDMRequestToIAMRequest" groupId="nl.weintegrate.wealert.services.clientmanagement.wso2.sequence" version="1.0.0" type="synapse/sequence" serverRole="EnterpriseServiceBus">
        <file>src/main/synapse-config/sequences/ConvertUpdateUserCDMRequestToIAMRequest.xml</file>
    </artifact>
    <artifact name="UpdateUserCMOutSequence" groupId="nl.weintegrate.wealert.services.clientmanagement.wso2.sequence" version="1.0.0" type="synapse/sequence" serverRole="EnterpriseServiceBus">
        <file>src/main/synapse-config/sequences/UpdateUserCMOutSequence.xml</file>
    </artifact>
    <artifact name="ValidateUpdateUserCDMCMResponse" groupId="nl.weintegrate.wealert.services.clientmanagement.wso2.sequence" version="1.0.0" type="synapse/sequence" serverRole="EnterpriseServiceBus">
        <file>src/main/synapse-config/sequences/ValidateUpdateUserCDMCMResponse.xml</file>
    </artifact>
    <artifact name="ConvertUpdateUserIAMResponseToCDMResponse" groupId="nl.weintegrate.wealert.services.clientmanagement.wso2.sequence" version="1.0.0" type="synapse/sequence" serverRole="EnterpriseServiceBus">
        <file>src/main/synapse-config/sequences/ConvertUpdateUserIAMResponseToCDMResponse.xml</file>
    </artifact>
    <artifact name="UpdateUserCMFaultSequence" groupId="nl.weintegrate.wealert.servicesUpdateUserCMFaultSequencesequence" version="1.0.0" type="synapse/sequence" serverRole="EnterpriseServiceBus">
        <file>src/main/synapse-config/sequences/UpdateUserCMFaultSequence.xml</file>
    </artifact>
    <artifact name="CreateClientInSequence" groupId="nl.weintegrate.wealert.services.clientmanagement.wso2.sequence" version="1.0.0" type="synapse/sequence" serverRole="EnterpriseServiceBus">
        <file>src/main/synapse-config/sequences/CreateClientInSequence.xml</file>
    </artifact>
    <artifact name="ValidateCreateClientCDMRequest" groupId="nl.weintegrate.wealert.services.clientmanagement.wso2.sequence" version="1.0.0" type="synapse/sequence" serverRole="EnterpriseServiceBus">
        <file>src/main/synapse-config/sequences/ValidateCreateClientCDMRequest.xml</file>
    </artifact>
    <artifact name="ConvertCreateClientCDMRequestToIAMRequest" groupId="nl.weintegrate.wealert.services.clientmanagement.wso2.sequence" version="1.0.0" type="synapse/sequence" serverRole="EnterpriseServiceBus">
        <file>src/main/synapse-config/sequences/ConvertCreateClientCDMRequestToIAMRequest.xml</file>
    </artifact>
    <artifact name="CreateClientOutSequence" groupId="nl.weintegrate.wealert.services.clientmanagement.wso2.sequence" version="1.0.0" type="synapse/sequence" serverRole="EnterpriseServiceBus">
        <file>src/main/synapse-config/sequences/CreateClientOutSequence.xml</file>
    </artifact>
    <artifact name="ValidateCreateClientCDMResponse" groupId="nl.weintegrate.wealert.services.clientmanagement.wso2.sequence" version="1.0.0" type="synapse/sequence" serverRole="EnterpriseServiceBus">
        <file>src/main/synapse-config/sequences/ValidateCreateClientCDMResponse.xml</file>
    </artifact>
    <artifact name="ConvertCreateClientIAMResponseToCDMResponse" groupId="nl.weintegrate.wealert.services.clientmanagement.wso2.sequence" version="1.0.0" type="synapse/sequence" serverRole="EnterpriseServiceBus">
        <file>src/main/synapse-config/sequences/ConvertCreateClientIAMResponseToCDMResponse.xml</file>
    </artifact>
    <artifact name="CreateClientFaultSequence" groupId="nl.weintegrate.wealert.services.clientmanagement.wso2.sequence" version="1.0.0" type="synapse/sequence" serverRole="EnterpriseServiceBus">
        <file>src/main/synapse-config/sequences/CreateClientFaultSequence.xml</file>
    </artifact>
    <artifact name="UpdateClientInSequence" groupId="nl.weintegrate.wealert.services.clientmanagement.wso2.sequence" version="1.0.0" type="synapse/sequence" serverRole="EnterpriseServiceBus">
        <file>src/main/synapse-config/sequences/UpdateClientInSequence.xml</file>
    </artifact>
    <artifact name="ValidateUpdateClientCDMRequest" groupId="nl.weintegrate.wealert.services.clientmanagement.wso2.sequence" version="1.0.0" type="synapse/sequence" serverRole="EnterpriseServiceBus">
        <file>src/main/synapse-config/sequences/ValidateUpdateClientCDMRequest.xml</file>
    </artifact>
    <artifact name="ConvertUpdateClientCDMRequestToIAMRequest" groupId="nl.weintegrate.wealert.services.clientmanagement.wso2.sequence" version="1.0.0" type="synapse/sequence" serverRole="EnterpriseServiceBus">
        <file>src/main/synapse-config/sequences/ConvertUpdateClientCDMRequestToIAMRequest.xml</file>
    </artifact>
    <artifact name="UpdateClientOutSequence" groupId="nl.weintegrate.wealert.services.clientmanagement.wso2.sequence" version="1.0.0" type="synapse/sequence" serverRole="EnterpriseServiceBus">
        <file>src/main/synapse-config/sequences/UpdateClientOutSequence.xml</file>
    </artifact>
    <artifact name="ValidateUpdateClientCDMResponse" groupId="nl.weintegrate.wealert.services.clientmanagement.wso2.sequence" version="1.0.0" type="synapse/sequence" serverRole="EnterpriseServiceBus">
        <file>src/main/synapse-config/sequences/ValidateUpdateClientCDMResponse.xml</file>
    </artifact>
    <artifact name="ConvertUpdateClientIAMResponseToCDMResponse" groupId="nl.weintegrate.wealert.services.clientmanagement.wso2.sequence" version="1.0.0" type="synapse/sequence" serverRole="EnterpriseServiceBus">
        <file>src/main/synapse-config/sequences/ConvertUpdateClientIAMResponseToCDMResponse.xml</file>
    </artifact>
    <artifact name="UpdateClientFaultSequence" groupId="nl.weintegrate.wealert.services.clientmanagement.wso2.sequence" version="1.0.0" type="synapse/sequence" serverRole="EnterpriseServiceBus">
        <file>src/main/synapse-config/sequences/UpdateClientFaultSequence.xml</file>
    </artifact>
    <artifact name="CreateApplicationGroupInSequence" groupId="nl.weintegrate.wealert.services.clientmanagement.wso2.sequence" version="1.0.0" type="synapse/sequence" serverRole="EnterpriseServiceBus">
        <file>src/main/synapse-config/sequences/CreateApplicationGroupInSequence.xml</file>
    </artifact>
    <artifact name="ValidateCreateApplicationGroupCDMRequest" groupId="nl.weintegrate.wealert.services.clientmanagement.wso2.sequence" version="1.0.0" type="synapse/sequence" serverRole="EnterpriseServiceBus">
        <file>src/main/synapse-config/sequences/ValidateCreateApplicationGroupCDMRequest.xml</file>
    </artifact>
    <artifact name="ConvertCreateApplicationGroupCDMRequestToIAMRequest" groupId="nl.weintegrate.wealert.services.clientmanagement.wso2.sequence" version="1.0.0" type="synapse/sequence" serverRole="EnterpriseServiceBus">
        <file>src/main/synapse-config/sequences/ConvertCreateApplicationGroupCDMRequestToIAMRequest.xml</file>
    </artifact>
    <artifact name="CreateApplicationGroupOutSequence" groupId="nl.weintegrate.wealert.services.clientmanagement.wso2.sequence" version="1.0.0" type="synapse/sequence" serverRole="EnterpriseServiceBus">
        <file>src/main/synapse-config/sequences/CreateApplicationGroupOutSequence.xml</file>
    </artifact>
    <artifact name="ValidateCreateApplicationGroupCDMResponse" groupId="nl.weintegrate.wealert.services.clientmanagement.wso2.sequence" version="1.0.0" type="synapse/sequence" serverRole="EnterpriseServiceBus">
        <file>src/main/synapse-config/sequences/ValidateCreateApplicationGroupCDMResponse.xml</file>
    </artifact>
    <artifact name="ConvertCreateApplicationGroupIAMResponseToCDMResponse" groupId="nl.weintegrate.wealert.services.clientmanagement.wso2.sequence" version="1.0.0" type="synapse/sequence" serverRole="EnterpriseServiceBus">
        <file>src/main/synapse-config/sequences/ConvertCreateApplicationGroupIAMResponseToCDMResponse.xml</file>
    </artifact>
    <artifact name="CreateApplicationGroupFaultSequence" groupId="nl.weintegrate.wealert.services.clientmanagement.wso2.sequence" version="1.0.0" type="synapse/sequence" serverRole="EnterpriseServiceBus">
        <file>src/main/synapse-config/sequences/CreateApplicationGroupFaultSequence.xml</file>
    </artifact>
    <artifact name="DeleteApplicationGroupInSequence" groupId="nl.weintegrate.wealert.services.clientmanagement.wso2.sequence" version="1.0.0" type="synapse/sequence" serverRole="EnterpriseServiceBus">
        <file>src/main/synapse-config/sequences/DeleteApplicationGroupInSequence.xml</file>
    </artifact>
    <artifact name="ValidateDeleteApplicationGroupCDMRequest" groupId="nl.weintegrate.wealert.services.clientmanagement.wso2.sequence" version="1.0.0" type="synapse/sequence" serverRole="EnterpriseServiceBus">
        <file>src/main/synapse-config/sequences/ValidateDeleteApplicationGroupCDMRequest.xml</file>
    </artifact>
    <artifact name="ConvertDeleteApplicationGroupCDMRequestToIAMRequest" groupId="nl.weintegrate.wealert.services.clientmanagement.wso2.sequence" version="1.0.0" type="synapse/sequence" serverRole="EnterpriseServiceBus">
        <file>src/main/synapse-config/sequences/ConvertDeleteApplicationGroupCDMRequestToIAMRequest.xml</file>
    </artifact>
    <artifact name="DeleteApplicationGroupOutSequence" groupId="nl.weintegrate.wealert.services.clientmanagement.wso2.sequence" version="1.0.0" type="synapse/sequence" serverRole="EnterpriseServiceBus">
        <file>src/main/synapse-config/sequences/DeleteApplicationGroupOutSequence.xml</file>
    </artifact>
    <artifact name="ValidateDeleteApplicationGroupCDMResponse" groupId="nl.weintegrate.wealert.services.clientmanagement.wso2.sequence" version="1.0.0" type="synapse/sequence" serverRole="EnterpriseServiceBus">
        <file>src/main/synapse-config/sequences/ValidateDeleteApplicationGroupCDMResponse.xml</file>
    </artifact>
    <artifact name="ConvertDeleteApplicationGroupIAMResponseToCDMResponse" groupId="nl.weintegrate.wealert.services.clientmanagement.wso2.sequence" version="1.0.0" type="synapse/sequence" serverRole="EnterpriseServiceBus">
        <file>src/main/synapse-config/sequences/ConvertDeleteApplicationGroupIAMResponseToCDMResponse.xml</file>
    </artifact>
    <artifact name="DeleteApplicationGroupFaultSequence" groupId="nl.weintegrate.wealert.services.clientmanagement.wso2.sequence" version="1.0.0" type="synapse/sequence" serverRole="EnterpriseServiceBus">
        <file>src/main/synapse-config/sequences/DeleteApplicationGroupFaultSequence.xml</file>
    </artifact>
    <artifact name="AddUserToApplicationGroupInSequence" groupId="nl.weintegrate.wealert.services.clientmanagement.wso2.sequence" version="1.0.0" type="synapse/sequence" serverRole="EnterpriseServiceBus">
        <file>src/main/synapse-config/sequences/AddUserToApplicationGroupInSequence.xml</file>
    </artifact>
    <artifact name="ValidateAddUserToApplicationGroupCDMRequest" groupId="nl.weintegrate.wealert.services.clientmanagement.wso2.sequence" version="1.0.0" type="synapse/sequence" serverRole="EnterpriseServiceBus">
        <file>src/main/synapse-config/sequences/ValidateAddUserToApplicationGroupCDMRequest.xml</file>
    </artifact>
    <artifact name="ConvertAddUserToApplicationGroupCDMRequestToIAMRequest" groupId="nl.weintegrate.wealert.services.clientmanagement.wso2.sequence" version="1.0.0" type="synapse/sequence" serverRole="EnterpriseServiceBus">
        <file>src/main/synapse-config/sequences/ConvertAddUserToApplicationGroupCDMRequestToIAMRequest.xml</file>
    </artifact>
    <artifact name="AddUserToApplicationGroupOutSequence" groupId="nl.weintegrate.wealert.services.clientmanagement.wso2.sequence" version="1.0.0" type="synapse/sequence" serverRole="EnterpriseServiceBus">
        <file>src/main/synapse-config/sequences/AddUserToApplicationGroupOutSequence.xml</file>
    </artifact>
    <artifact name="ValidateAddUserToApplicationGroupCDMResponse" groupId="nl.weintegrate.wealert.services.clientmanagement.wso2.sequence" version="1.0.0" type="synapse/sequence" serverRole="EnterpriseServiceBus">
        <file>src/main/synapse-config/sequences/ValidateAddUserToApplicationGroupCDMResponse.xml</file>
    </artifact>
    <artifact name="ConvertAddUserToApplicationGroupIAMResponseToCDMResponse" groupId="nl.weintegrate.wealert.services.clientmanagement.wso2.sequence" version="1.0.0" type="synapse/sequence" serverRole="EnterpriseServiceBus">
        <file>src/main/synapse-config/sequences/ConvertAddUserToApplicationGroupIAMResponseToCDMResponse.xml</file>
    </artifact>
    <artifact name="AddUserToApplicationGroupFaultSequence" groupId="nl.weintegrate.wealert.services.clientmanagement.wso2.sequence" version="1.0.0" type="synapse/sequence" serverRole="EnterpriseServiceBus">
        <file>src/main/synapse-config/sequences/AddUserToApplicationGroupFaultSequence.xml</file>
    </artifact>
    <artifact name="DeleteUserFromApplicationGroupInSequence" groupId="nl.weintegrate.wealert.services.clientmanagement.wso2.sequence" version="1.0.0" type="synapse/sequence" serverRole="EnterpriseServiceBus">
        <file>src/main/synapse-config/sequences/DeleteUserFromApplicationGroupInSequence.xml</file>
    </artifact>
    <artifact name="ValidateDeleteUserFromApplicationGroupCDMRequest" groupId="nl.weintegrate.wealert.services.clientmanagement.wso2.sequence" version="1.0.0" type="synapse/sequence" serverRole="EnterpriseServiceBus">
        <file>src/main/synapse-config/sequences/ValidateDeleteUserFromApplicationGroupCDMRequest.xml</file>
    </artifact>
    <artifact name="ConvertDeleteUserFromApplicationGroupCDMRequestToIAMRequest" groupId="nl.weintegrate.wealert.services.clientmanagement.wso2.sequence" version="1.0.0" type="synapse/sequence" serverRole="EnterpriseServiceBus">
        <file>src/main/synapse-config/sequences/ConvertDeleteUserFromApplicationGroupCDMRequestToIAMRequest.xml</file>
    </artifact>
    <artifact name="DeleteUserFromApplicationGroupOutSequence" groupId="nl.weintegrate.wealert.services.clientmanagement.wso2.sequence" version="1.0.0" type="synapse/sequence" serverRole="EnterpriseServiceBus">
        <file>src/main/synapse-config/sequences/DeleteUserFromApplicationGroupOutSequence.xml</file>
    </artifact>
    <artifact name="ValidateDeleteUserFromApplicationGroupCDMResponse" groupId="nl.weintegrate.wealert.services.clientmanagement.wso2.sequence" version="1.0.0" type="synapse/sequence" serverRole="EnterpriseServiceBus">
        <file>src/main/synapse-config/sequences/ValidateDeleteUserFromApplicationGroupCDMResponse.xml</file>
    </artifact>
    <artifact name="ConvertDeleteUserFromApplicationGroupIAMResponseToCDMResponse" groupId="nl.weintegrate.wealert.services.clientmanagement.wso2.sequence" version="1.0.0" type="synapse/sequence" serverRole="EnterpriseServiceBus">
        <file>src/main/synapse-config/sequences/ConvertDeleteUserFromApplicationGroupIAMResponseToCDMResponse.xml</file>
    </artifact>
    <artifact name="DeleteUserFromApplicationGroupFaultSequence" groupId="nl.weintegrate.wealert.services.clientmanagement.wso2.sequence" version="1.0.0" type="synapse/sequence" serverRole="EnterpriseServiceBus">
        <file>src/main/synapse-config/sequences/DeleteUserFromApplicationGroupFaultSequence.xml</file>
    </artifact>
    <artifact name="SendRequestToIAM" groupId="nl.weintegrate.wealert.services.clientmanagement.wso2.sequence" version="1.0.0" type="synapse/sequence" serverRole="EnterpriseServiceBus">
        <file>src/main/synapse-config/sequences/SendRequestToIAM.xml</file>
    </artifact>
    <artifact name="SendRequestToClientData" groupId="nl.weintegrate.wealert.services.clientmanagement.wso2.sequence" version="1.0.0" type="synapse/sequence" serverRole="EnterpriseServiceBus">
        <file>src/main/synapse-config/sequences/SendRequestToClientData.xml</file>
    </artifact>
    <artifact name="CreateClientData" groupId="nl.weintegrate.wealert.services.clientmanagement.wso2.sequence" version="1.0.0" type="synapse/sequence" serverRole="EnterpriseServiceBus">
        <file>src/main/synapse-config/sequences/CreateClientData.xml</file>
    </artifact>
    <artifact name="SendRequestToUserData" groupId="nl.weintegrate.wealert.services.clientmanagement.wso2.sequence" version="1.0.0" type="synapse/sequence" serverRole="EnterpriseServiceBus">
        <file>src/main/synapse-config/sequences/SendRequestToUserData.xml</file>
    </artifact>
    <artifact name="ClientMangementResponseSender" groupId="nl.weintegrate.wealert.services.clientmanagement.wso2.sequence" version="1.0.0" type="synapse/sequence" serverRole="EnterpriseServiceBus">
        <file>src/main/synapse-config/sequences/ClientMangementResponseSender.xml</file>
    </artifact>
    <artifact name="ConvertListClientCDMRequestToCDRequest" groupId="nl.weintegrate.wealert.services.clientmanagement.wso2.sequence" version="1.0.0" type="synapse/sequence" serverRole="EnterpriseServiceBus">
        <file>src/main/synapse-config/sequences/ConvertListClientCDMRequestToCDRequest.xml</file>
    </artifact>
    <artifact name="ConvertListClientCDResponseToCDMResponse" groupId="nl.weintegrate.wealert.services.clientmanagement.wso2.sequence" version="1.0.0" type="synapse/sequence" serverRole="EnterpriseServiceBus">
        <file>src/main/synapse-config/sequences/ConvertListClientCDResponseToCDMResponse.xml</file>
    </artifact>
    <artifact name="ListClientFaultSequence" groupId="nl.weintegrate.wealert.services.clientmanagement.wso2.sequence" version="1.0.0" type="synapse/sequence" serverRole="EnterpriseServiceBus">
        <file>src/main/synapse-config/sequences/ListClientFaultSequence.xml</file>
    </artifact>
    <artifact name="ListClientInSequence" groupId="nl.weintegrate.wealert.services.clientmanagement.wso2.sequence" version="1.0.0" type="synapse/sequence" serverRole="EnterpriseServiceBus">
        <file>src/main/synapse-config/sequences/ListClientInSequence.xml</file>
    </artifact>
    <artifact name="ListClientOutSequence" groupId="nl.weintegrate.wealert.services.clientmanagement.wso2.sequence" version="1.0.0" type="synapse/sequence" serverRole="EnterpriseServiceBus">
        <file>src/main/synapse-config/sequences/ListClientOutSequence.xml</file>
    </artifact>
    <artifact name="ValidateListClientCDMRequest" groupId="nl.weintegrate.wealert.services.clientmanagement.wso2.sequence" version="1.0.0" type="synapse/sequence" serverRole="EnterpriseServiceBus">
        <file>src/main/synapse-config/sequences/ValidateListClientCDMRequest.xml</file>
    </artifact>
    <artifact name="ValidateListClientCDMResponse" groupId="nl.weintegrate.wealert.services.clientmanagement.wso2.sequence" version="1.0.0" type="synapse/sequence" serverRole="EnterpriseServiceBus">
        <file>src/main/synapse-config/sequences/ValidateListClientCDMResponse.xml</file>
    </artifact>
    <artifact name="CreateUserInUserData" groupId="nl.weintegrate.wealert.services.clientmanagement.wso2.sequence" version="1.0.0" type="synapse/sequence" serverRole="EnterpriseServiceBus">
        <file>src/main/synapse-config/sequences/CreateUserInUserData.xml</file>
    </artifact>
    <artifact name="ConvertListUserCDMRequestToCDRequest" groupId="nl.weintegrate.wealert.services.clientmanagement.wso2.sequence" version="1.0.0" type="synapse/sequence" serverRole="EnterpriseServiceBus">
        <file>src/main/synapse-config/sequences/ConvertListUserCDMRequestToCDRequest.xml</file>
    </artifact>
    <artifact name="ConvertListUserCDResponseToCDMResponse" groupId="nl.weintegrate.wealert.services.clientmanagement.wso2.sequence" version="1.0.0" type="synapse/sequence" serverRole="EnterpriseServiceBus">
        <file>src/main/synapse-config/sequences/ConvertListUserCDResponseToCDMResponse.xml</file>
    </artifact>
    <artifact name="ListUserFaultSequence" groupId="nl.weintegrate.wealert.services.clientmanagement.wso2.sequence" version="1.0.0" type="synapse/sequence" serverRole="EnterpriseServiceBus">
        <file>src/main/synapse-config/sequences/ListUserFaultSequence.xml</file>
    </artifact>
    <artifact name="ListUserInSequence" groupId="nl.weintegrate.wealert.services.clientmanagement.wso2.sequence" version="1.0.0" type="synapse/sequence" serverRole="EnterpriseServiceBus">
        <file>src/main/synapse-config/sequences/ListUserInSequence.xml</file>
    </artifact>
    <artifact name="ListUserOutSequence" groupId="nl.weintegrate.wealert.services.clientmanagement.wso2.sequence" version="1.0.0" type="synapse/sequence" serverRole="EnterpriseServiceBus">
        <file>src/main/synapse-config/sequences/ListUserOutSequence.xml</file>
    </artifact>
    <artifact name="ValidateListUserCDMRequest" groupId="nl.weintegrate.wealert.services.clientmanagement.wso2.sequence" version="1.0.0" type="synapse/sequence" serverRole="EnterpriseServiceBus">
        <file>src/main/synapse-config/sequences/ValidateListUserCDMRequest.xml</file>
    </artifact>
    <artifact name="ValidateListUserCDMResponse" groupId="nl.weintegrate.wealert.services.clientmanagement.wso2.sequence" version="1.0.0" type="synapse/sequence" serverRole="EnterpriseServiceBus">
        <file>src/main/synapse-config/sequences/ValidateListUserCDMResponse.xml</file>
    </artifact>
    <artifact name="ConvertGetUserCDMRequestToCDRequest" groupId="nl.weintegrate.wealert.services.clientmanagement.wso2.sequence" version="1.0.0" type="synapse/sequence" serverRole="EnterpriseServiceBus">
        <file>src/main/synapse-config/sequences/ConvertGetUserCDMRequestToCDRequest.xml</file>
    </artifact>
    <artifact name="ConvertGetUserCDResponseToCDMResponse" groupId="nl.weintegrate.wealert.services.clientmanagement.wso2.sequence" version="1.0.0" type="synapse/sequence" serverRole="EnterpriseServiceBus">
        <file>src/main/synapse-config/sequences/ConvertGetUserCDResponseToCDMResponse.xml</file>
    </artifact>
    <artifact name="GetUserFaultSequence" groupId="nl.weintegrate.wealert.services.clientmanagement.wso2.sequence" version="1.0.0" type="synapse/sequence" serverRole="EnterpriseServiceBus">
        <file>src/main/synapse-config/sequences/GetUserFaultSequence.xml</file>
    </artifact>
    <artifact name="GetUserInSequence" groupId="nl.weintegrate.wealert.services.clientmanagement.wso2.sequence" version="1.0.0" type="synapse/sequence" serverRole="EnterpriseServiceBus">
        <file>src/main/synapse-config/sequences/GetUserInSequence.xml</file>
    </artifact>
    <artifact name="GetUserOutSequence" groupId="nl.weintegrate.wealert.services.clientmanagement.wso2.sequence" version="1.0.0" type="synapse/sequence" serverRole="EnterpriseServiceBus">
        <file>src/main/synapse-config/sequences/GetUserOutSequence.xml</file>
    </artifact>
    <artifact name="ValidateGetUserCDMRequest" groupId="nl.weintegrate.wealert.services.clientmanagement.wso2.sequence" version="1.0.0" type="synapse/sequence" serverRole="EnterpriseServiceBus">
        <file>src/main/synapse-config/sequences/ValidateGetUserCDMRequest.xml</file>
    </artifact>
    <artifact name="ValidateGetUserCDMResponse" groupId="nl.weintegrate.wealert.services.clientmanagement.wso2.sequence" version="1.0.0" type="synapse/sequence" serverRole="EnterpriseServiceBus">
        <file>src/main/synapse-config/sequences/ValidateGetUserCDMResponse.xml</file>
    </artifact>
    <artifact name="ConvertDeleteUserCDMRequestToUDRequest" groupId="nl.weintegrate.wealert.services.clientmanagement.wso2.sequence" version="1.0.0" type="synapse/sequence" serverRole="EnterpriseServiceBus">
        <file>src/main/synapse-config/sequences/ConvertDeleteUserCDMRequestToUDRequest.xml</file>
    </artifact>
    <artifact name="ConvertDeleteUserUDResponseToCDMResponse" groupId="nl.weintegrate.wealert.services.clientmanagement.wso2.sequence" version="1.0.0" type="synapse/sequence" serverRole="EnterpriseServiceBus">
        <file>src/main/synapse-config/sequences/ConvertDeleteUserUDResponseToCDMResponse.xml</file>
    </artifact>
    <artifact name="ClientManagementResponseSender" groupId="nl.weintegrate.wealert.services.clientmanagement.wso2.sequence" version="1.0.0" type="synapse/sequence" serverRole="EnterpriseServiceBus">
        <file>src/main/synapse-config/sequences/ClientManagementResponseSender.xml</file>
    </artifact>
    <artifact name="GetClientInSequence" groupId="nl.weintegrate.wealert.services.clientmanagement.wso2.sequence" version="1.0.0" type="synapse/sequence" serverRole="EnterpriseServiceBus">
        <file>src/main/synapse-config/sequences/GetClientInSequence.xml</file>
    </artifact>
    <artifact name="GetClientOutSequence" groupId="nl.weintegrate.wealert.services.clientmanagement.wso2.sequence" version="1.0.0" type="synapse/sequence" serverRole="EnterpriseServiceBus">
        <file>src/main/synapse-config/sequences/GetClientOutSequence.xml</file>
    </artifact>
    <artifact name="GetClientFaultSequence" groupId="nl.weintegrate.wealert.services.clientmanagement.wso2.sequence" version="1.0.0" type="synapse/sequence" serverRole="EnterpriseServiceBus">
        <file>src/main/synapse-config/sequences/GetClientFaultSequence.xml</file>
    </artifact>
    <artifact name="ConvertGetClientCDMRequestToCDRequest" groupId="nl.weintegrate.wealert.services.clientmanagement.wso2.sequence" version="1.0.0" type="synapse/sequence" serverRole="EnterpriseServiceBus">
        <file>src/main/synapse-config/sequences/ConvertGetClientCDMRequestToCDRequest.xml</file>
    </artifact>
    <artifact name="ConvertGetClientCDResponseToCDMResponse" groupId="nl.weintegrate.wealert.services.clientmanagement.wso2.sequence" version="1.0.0" type="synapse/sequence" serverRole="EnterpriseServiceBus">
        <file>src/main/synapse-config/sequences/ConvertGetClientCDResponseToCDMResponse.xml</file>
    </artifact>
    <artifact name="ValidateGetClientCDMRequest" groupId="nl.weintegrate.wealert.services.clientmanagement.wso2.sequence" version="1.0.0" type="synapse/sequence" serverRole="EnterpriseServiceBus">
        <file>src/main/synapse-config/sequences/ValidateGetClientCDMRequest.xml</file>
    </artifact>
    <artifact name="ValidateGetClientCDMResponse" groupId="nl.weintegrate.wealert.services.clientmanagement.wso2.sequence" version="1.0.0" type="synapse/sequence" serverRole="EnterpriseServiceBus">
        <file>src/main/synapse-config/sequences/ValidateGetClientCDMResponse.xml</file>
    </artifact>
    <artifact name="CreateApplicationGroupInApplicationGroupData" groupId="nl.weintegrate.wealert.services.clientmanagement.wso2.sequence" version="1.0.0" type="synapse/sequence" serverRole="EnterpriseServiceBus">
        <file>src/main/synapse-config/sequences/CreateApplicationGroupInApplicationGroupData.xml</file>
    </artifact>
    <artifact name="SendRequestToApplicationGroupData" groupId="nl.weintegrate.wealert.services.clientmanagement.wso2.sequence" version="1.0.0" type="synapse/sequence" serverRole="EnterpriseServiceBus">
        <file>src/main/synapse-config/sequences/SendRequestToApplicationGroupData.xml</file>
    </artifact>
    <artifact name="GetUserName" groupId="nl.weintegrate.wealert.services.clientmanagement.wso2.sequence" version="1.0.0" type="synapse/sequence" serverRole="EnterpriseServiceBus">
        <file>src/main/synapse-config/sequences/GetUserName.xml</file>
    </artifact>
    <artifact name="AssignUserToApplicationGroupInApplicationGroupData" groupId="nl.weintegrate.wealert.services.clientmanagement.wso2.sequence" version="1.0.0" type="synapse/sequence" serverRole="EnterpriseServiceBus">
        <file>src/main/synapse-config/sequences/AssignUserToApplicationGroupInApplicationGroupData.xml</file>
    </artifact>
    <artifact name="DeleteUserFromApplicationGroupInApplicationGroupData" groupId="nl.weintegrate.wealert.services.clientmanagement.wso2.sequence" version="1.0.0" type="synapse/sequence" serverRole="EnterpriseServiceBus">
        <file>src/main/synapse-config/sequences/DeleteUserFromApplicationGroupInApplicationGroupData.xml</file>
    </artifact>
    <artifact name="ListApplicationGroupInSequence" groupId="nl.weintegrate.wealert.services.clientmanagement.wso2.sequence" version="1.0.0" type="synapse/sequence" serverRole="EnterpriseServiceBus">
        <file>src/main/synapse-config/sequences/ListApplicationGroupInSequence.xml</file>
    </artifact>
    <artifact name="ListApplicationGroupOutSequence" groupId="nl.weintegrate.wealert.services.clientmanagement.wso2.sequence" version="1.0.0" type="synapse/sequence" serverRole="EnterpriseServiceBus">
        <file>src/main/synapse-config/sequences/ListApplicationGroupOutSequence.xml</file>
    </artifact>
    <artifact name="ListApplicationGroupFaultSequence" groupId="nl.weintegrate.wealert.services.clientmanagement.wso2.sequence" version="1.0.0" type="synapse/sequence" serverRole="EnterpriseServiceBus">
        <file>src/main/synapse-config/sequences/ListApplicationGroupFaultSequence.xml</file>
    </artifact>
    <artifact name="ConvertListApplicationGroupCDMToApplicationGroupDataRequest" groupId="nl.weintegrate.wealert.services.clientmanagement.wso2.sequence" version="1.0.0" type="synapse/sequence" serverRole="EnterpriseServiceBus">
        <file>src/main/synapse-config/sequences/ConvertListApplicationGroupCDMToApplicationGroupDataRequest.xml</file>
    </artifact>
    <artifact name="ConvertListApplicationGroupDataResponseToCDMResponse" groupId="nl.weintegrate.wealert.services.clientmanagement.wso2.sequence" version="1.0.0" type="synapse/sequence" serverRole="EnterpriseServiceBus">
        <file>src/main/synapse-config/sequences/ConvertListApplicationGroupDataResponseToCDMResponse.xml</file>
    </artifact>
    <artifact name="ValidateListApplicationGroupCDMRequest" groupId="nl.weintegrate.wealert.services.clientmanagement.wso2.sequence" version="1.0.0" type="synapse/sequence" serverRole="EnterpriseServiceBus">
        <file>src/main/synapse-config/sequences/ValidateListApplicationGroupCDMRequest.xml</file>
    </artifact>
    <artifact name="GetApplicationGroupInSequence" groupId="nl.weintegrate.wealert.services.clientmanagement.wso2.sequence" version="1.0.0" type="synapse/sequence" serverRole="EnterpriseServiceBus">
        <file>src/main/synapse-config/sequences/GetApplicationGroupInSequence.xml</file>
    </artifact>
    <artifact name="GetApplicationGroupOutSequence" groupId="nl.weintegrate.wealert.services.clientmanagement.wso2.sequence" version="1.0.0" type="synapse/sequence" serverRole="EnterpriseServiceBus">
        <file>src/main/synapse-config/sequences/GetApplicationGroupOutSequence.xml</file>
    </artifact>
    <artifact name="ValidateGetApplicationGroupCDMRequest" groupId="nl.weintegrate.wealert.services.clientmanagement.wso2.sequence" version="1.0.0" type="synapse/sequence" serverRole="EnterpriseServiceBus">
        <file>src/main/synapse-config/sequences/ValidateGetApplicationGroupCDMRequest.xml</file>
    </artifact>
    <artifact name="ConvertGetApplicationGroupCDMToApplicationGroupDataRequest" groupId="nl.weintegrate.wealert.services.clientmanagement.wso2.sequence" version="1.0.0" type="synapse/sequence" serverRole="EnterpriseServiceBus">
        <file>src/main/synapse-config/sequences/ConvertGetApplicationGroupCDMToApplicationGroupDataRequest.xml</file>
    </artifact>
    <artifact name="ConvertGetApplicationGroupDataResponseToCDMResponse" groupId="nl.weintegrate.wealert.services.clientmanagement.wso2.sequence" version="1.0.0" type="synapse/sequence" serverRole="EnterpriseServiceBus">
        <file>src/main/synapse-config/sequences/ConvertGetApplicationGroupDataResponseToCDMResponse.xml</file>
    </artifact>
    <artifact name="ListApplicationGroupUserInSequence" groupId="nl.weintegrate.wealert.services.clientmanagement.wso2.sequence" version="1.0.0" type="synapse/sequence" serverRole="EnterpriseServiceBus">
        <file>src/main/synapse-config/sequences/ListApplicationGroupUserInSequence.xml</file>
    </artifact>
    <artifact name="ListApplicationGroupUserOutSequence" groupId="nl.weintegrate.wealert.services.clientmanagement.wso2.sequence" version="1.0.0" type="synapse/sequence" serverRole="EnterpriseServiceBus">
        <file>src/main/synapse-config/sequences/ListApplicationGroupUserOutSequence.xml</file>
    </artifact>
    <artifact name="ListApplicationGroupUserFaultSequence" groupId="nl.weintegrate.wealert.services.clientmanagement.wso2.sequence" version="1.0.0" type="synapse/sequence" serverRole="EnterpriseServiceBus">
        <file>src/main/synapse-config/sequences/ListApplicationGroupUserFaultSequence.xml</file>
    </artifact>
    <artifact name="ValidateListApplicationGroupUserCDMRequest" groupId="nl.weintegrate.wealert.services.clientmanagement.wso2.sequence" version="1.0.0" type="synapse/sequence" serverRole="EnterpriseServiceBus">
        <file>src/main/synapse-config/sequences/ValidateListApplicationGroupUserCDMRequest.xml</file>
    </artifact>
    <artifact name="ConvertListApplicationGroupUserCDMToApplicationGroupDataRequest" groupId="nl.weintegrate.wealert.services.clientmanagement.wso2.sequence" version="1.0.0" type="synapse/sequence" serverRole="EnterpriseServiceBus">
        <file>src/main/synapse-config/sequences/ConvertListApplicationGroupUserCDMToApplicationGroupDataRequest.xml</file>
    </artifact>
    <artifact name="ConvertListApplicationGroupUserDataResponseToCDMResponse" groupId="nl.weintegrate.wealert.services.clientmanagement.wso2.sequence" version="1.0.0" type="synapse/sequence" serverRole="EnterpriseServiceBus">
        <file>src/main/synapse-config/sequences/ConvertListApplicationGroupUserDataResponseToCDMResponse.xml</file>
    </artifact>
    <artifact name="GetApplicationGroupFaultSequence" groupId="nl.weintegrate.wealert.services.clientmanagement.wso2.sequence" version="1.0.0" type="synapse/sequence" serverRole="EnterpriseServiceBus">
        <file>src/main/synapse-config/sequences/GetApplicationGroupFaultSequence.xml</file>
    </artifact>
    <artifact name="CreateEventSubscriptionForApplicationGroup" groupId="nl.weintegrate.wealert.services.clientmanagement.wso2.sequence" version="1.0.0" type="synapse/sequence" serverRole="EnterpriseServiceBus">
        <file>src/main/synapse-config/sequences/CreateEventSubscriptionForApplicationGroup.xml</file>
    </artifact>
</artifacts>
