<?xml version="1.0" encoding="UTF-8"?>

<mule xmlns:jms="http://www.mulesoft.org/schema/mule/jms"
	xmlns:http="http://www.mulesoft.org/schema/mule/http" xmlns="http://www.mulesoft.org/schema/mule/core"
	xmlns:doc="http://www.mulesoft.org/schema/mule/documentation"
	xmlns:xsi="http://www.w3.org/2001/XMLSchema-instance"
	xsi:schemaLocation="http://www.mulesoft.org/schema/mule/core http://www.mulesoft.org/schema/mule/core/current/mule.xsd
http://www.mulesoft.org/schema/mule/http http://www.mulesoft.org/schema/mule/http/current/mule-http.xsd
http://www.mulesoft.org/schema/mule/jms http://www.mulesoft.org/schema/mule/jms/current/mule-jms.xsd">
	<http:listener-config name="HTTP_Listener_config"
		doc:name="HTTP Listener config" doc:id="9e0708d2-97b5-4e0b-aeac-7f047bfd2083">
		<http:listener-connection host="0.0.0.0"
			port="6082" />
	</http:listener-config>
	<http:request-config name="get_sdb_dienstverbanden_config"
		doc:name="HTTP Request configuration" doc:id="2db380d3-673b-49fa-8e9c-46455bc67af9" basePath="/api/dienstverbanden">
		<http:request-connection protocol="HTTPS"
			host="api.sdbstart.nl" />
	</http:request-config>
	<http:request-config name="get_sdb_dienstverbandperiodes_config"
		doc:name="HTTP Request configuration" doc:id="bc3cf82a-c906-469e-ae74-c0a96cd757e0" basePath="#[vars.uri]">
		<http:request-connection protocol="HTTPS"
			host="api.sdbstart.nl" />
	</http:request-config>
	<jms:config name="JMS_Config" doc:name="JMS Config"
		doc:id="794b0920-63ef-4552-958a-8c8bee960564">
		<jms:active-mq-connection username="admin"
			password="admin">
			<jms:factory-configuration brokerUrl="tcp://localhost:61616" />
		</jms:active-mq-connection>
	</jms:config>
	<http:request-config name="retrieve_medwerkers_adressen_config"
		doc:name="HTTP Request configuration" doc:id="d529279b-128a-4072-8ca4-01b4e57f211f">
		<http:request-connection protocol="HTTPS"
			host="api.sdbstart.nl" />
	</http:request-config>
	<http:request-config name="get_sdb_medewerkers_config"
		doc:name="HTTP Request configuration" doc:id="6a0989bb-1204-42e2-a965-ec67f0f30f72" basePath="/api/medewerkers">
		<http:request-connection protocol="HTTPS"
			host="api.sdbstart.nl" />
	</http:request-config>
	<flow name="sdb_srvFlow" doc:id="1503ddbe-3fdc-4711-a932-8179762a84bc">
		<http:listener doc:name="Listener"
			doc:id="a7f46c2b-cd2c-40c0-89e5-7905dfa6a30a" config-ref="HTTP_Listener_config"
			path="api" />
		<logger level="INFO" doc:name="RecievedTheMessage"
			doc:id="51a4de08-79de-4135-9040-9018e8b19e64" message="**RecievedTheMessage**" />
	</flow>
	<flow name="sdb_srv_get_dienstverband_periodes" doc:id="2da80f29-8648-4368-a597-4cd60ad5f7bf">
		<jms:listener doc:name="listen_for_dienstverbanden_queue" doc:id="590646bf-d479-4b31-a2b8-4d5c416dfe3d" config-ref="JMS_Config" destination="dienstverbanden_queue"/>
		<set-variable value="#['/api/dienstverbandperiodes/' ++ payload.Id]" doc:name="set_uri" doc:id="49d0fb40-79f6-4bad-a82e-1dbbd84cf1ba" variableName="uri"/>
		<http:request method="GET" doc:name="get_sdb_dienstverbandperiodes" doc:id="79dcb64a-327c-4525-aaa5-4141cef8997e" config-ref="get_sdb_dienstverbandperiodes_config" path="/">
		<http:headers ><![CDATA[#[output application/java
---
{
	"Accept" : "application/xml",
	"messageType" : "application/xml",
	"Authentication" : "7460:hl8dkwie+b/AtivOh9OwN313/08O2YSIkrulzM1s3nE=",
	"Klantnummer" : "7460",
	"Timestamp" : "31-05-2018 08:54:07.038"
}]]]></http:headers>
		</http:request>
	    <choice doc:name="gotten_dienstverbandperiodes" doc:id="5826023b-befc-4ff6-b200-6ec76632c1a2" >
			<when expression="payload.ArrayOfDienstverbandPeriode != null">
				<jms:publish doc:name="publish_dienstverbandperiodes" doc:id="33226070-0249-49f4-bc08-6d8713e9eca1" config-ref="JMS_Config" destination="sdb_dienstverbandperiodes_queue"/>
			</when>
			<otherwise >
				<logger level="INFO" doc:name="no_dienstverbandperiodes_logger" doc:id="f8e9dcfb-1979-47e7-bfa9-2882c2962557" message="**no_dienstverbandperiodes**"/>
			</otherwise>
		</choice>
	</flow>
	<flow name="sdb_srv_get_medewerkers" doc:id="934f5e10-3f2f-41dc-b1ab-46f1cda1606b" >
		<http:listener doc:name="Listener" doc:id="a4e437d7-1563-4ea8-add8-adb23f55c161" config-ref="HTTP_Listener_config" path="get_medewerkers_from_sdb"/>
		<http:request method="GET" doc:name="Request" doc:id="1482bb59-44af-4357-997d-07565cda3c57" config-ref="get_sdb_medewerkers_config" path="/">
			<http:headers ><![CDATA[#[output application/java
---
{
	"Accept" : "application/xml",
	"messageType" : "application/xml",
	"Authentication" : "7460:hl8dkwie+b/AtivOh9OwN313/08O2YSIkrulzM1s3nE=",
	"Klantnummer" : "7460",
	"Timestamp" : "31-05-2018 08:54:07.038"
}]]]></http:headers>
		</http:request>
		<foreach doc:name="for_each_medewerker" doc:id="cfa591c2-f876-40b2-b06a-ea3d90d73b28" collection="payload.ArrayOfMedewerker">
			<jms:publish doc:name="publish_medewerker" doc:id="a6884a3e-d624-435c-b6f6-6098813e2e0e" config-ref="JMS_Config" destination="sdb_medewerker_queue"/>
		</foreach>
	</flow>
	<flow name="sdb_srv_get_dienstverbanden" doc:id="590c26ef-6cc8-4853-8bb5-5e70ea60938a" >
		<http:listener doc:name="Listener" doc:id="53476d59-cef9-424f-bb11-1345bc36bb51" config-ref="HTTP_Listener_config" path="get_dienstverbanden_from_sdb"/>
		<http:request method="GET" doc:name="Request" doc:id="c9c6ea67-90a7-4549-b5d5-d96a3566ed5a" config-ref="get_sdb_dienstverbanden_config" path="/">
		<http:headers ><![CDATA[#[output application/java
---
{
	"Accept" : "application/xml",
	"messageType" : "application/xml",
	"Authentication" : "7460:hl8dkwie+b/AtivOh9OwN313/08O2YSIkrulzM1s3nE=",
	"Klantnummer" : "7460",
	"Timestamp" : "31-05-2018 08:54:07.038"
}]]]></http:headers>
		</http:request>
		<foreach doc:name="for_each_dienstverband" doc:id="61e5f798-bedf-43f4-9f59-1a6cfa46149e" collection="payload.ArrayOfDienstverband">
			<jms:publish doc:name="publish_dienstverband" doc:id="3376d99d-9776-45db-9b57-6123e3a53bb3" config-ref="JMS_Config" destination="sdb_dienstverbanden_queue"/>
		</foreach>
	</flow>
	<flow name="sdb_srv_get_adressen" doc:id="8e4673be-721b-4ff0-ad54-15ddd999dbf9" >
		<jms:listener doc:name="listener_for_medewerkers_queue" doc:id="f238b373-070f-442e-8c29-edfb876b7bfd" config-ref="JMS_Config" destination="medewerkers_queue"/>
		<set-variable value="#['/api/adressen/' ++ payload.Id]" doc:name="set_uri" doc:id="4563ff59-ed90-435a-bfc7-28bddbcb5a96" variableName="uri"/>
		<set-variable value="#[payload.Id]" doc:name="set_medewerker_id" doc:id="1b81ef67-bf6d-4853-94fe-07240a0553c6" variableName="medewerker_id"/>
		<http:request method="GET" doc:name="get_medewerkers_adressen" doc:id="17e55116-f28e-46b9-a338-78804ea57453" config-ref="retrieve_medwerkers_adressen_config" path="/">
		<http:headers ><![CDATA[#[output application/java
---
{
	"Accept" : "application/xml",
	"messageType" : "application/xml",
	"Authentication" : "7460:hl8dkwie+b/AtivOh9OwN313/08O2YSIkrulzM1s3nE=",
	"Klantnummer" : "7460",
	"Timestamp" : "31-05-2018 08:54:07.038"
}]]]></http:headers>
		</http:request>
		<set-payload value="#[%dw 2.0
output application/json
---
Adres: {adress: payload.Adres, 
	id: vars.medewerker_id
}]" doc:name="Set Payload" doc:id="d6256d51-8d53-40eb-bec7-29590ad98ce2" />
		<choice doc:name="Choice" doc:id="397bc927-3fbc-4441-bd56-c927e6c4d51a" >
			<when expression="#[payload.Adres.adress != null]">
				<jms:publish doc:name="Publish" doc:id="7544aa82-3548-41ee-b16f-89ceb4a829fe" config-ref="JMS_Config" destination="sdb_medewerker_adres_queue" />
			</when>
			<otherwise >
				<logger level="INFO" doc:name="no_address_logger" doc:id="6e7c04e8-4199-4366-a24a-079637fa7c24" message="**no address**"/>
			</otherwise>
		</choice>
	</flow>
</mule>