<?xml version="1.0" encoding="UTF-8"?>
<sequence name="RecaptchaFaultSequence" trace="disable" xmlns="http://ws.apache.org/ns/synapse">
  <call-template description="Log-INFO" target="gov:com/commons/util/v1/templates/LoggerTemplate.xml">
    <with-param name="SequenceName" value="RecaptchaFaultSequence"/>
    <with-param name="Message" value="Error occurred while verifying Recaptcha"/>
    <with-param name="LogLevel" value="ERROR"/>
  </call-template>
  <switch source="//*[local-name()='error-codes']">
    <case regex="missing-input-response">
      <log level="full" separator="----===Missing Input Response===-----"/>
    </case>
    <case regex="missing-input-secret">
      <log level="full" separator="----===Missing Secret Key===-----"/>
    </case>
    <case regex="invalid-input-secret">
      <log level="full" separator="----===Invalid Secret Key===-----"/>
    </case>
    <case regex="invalid-input-response">
      <log level="full" separator="----===Invalid String Response===-----"/>
    </case>
    <case regex="bad-request">
      <log level="full" separator="----===The Request is bad or malformed===-----"/>
    </case>
    <default>
      <log level="full" separator="----===An unexpected error has occurred===-----"/>
      <property name="HTTP_SC" scope="axis2" type="STRING" value="500"/>
    </default>
  </switch>
  <payloadFactory description="ErrorMessage" media-type="xml">
    <format>
      <err:Error xmlns:err="http://ws.apache.org/ns/synapse">
        <Header>
          <CMMHeader>
            <MessageTimeStamp>$3</MessageTimeStamp>
            <MessageId>$6</MessageId>
            <ComponentId>RecaptchaManagementAPI</ComponentId>
            <To>GooleVerifyRecaptcha</To>
            <Domain>W-Alert</Domain>
          </CMMHeader>
        </Header>
        <ErrorCode>$5</ErrorCode>
        <ErrorMessage>$1</ErrorMessage>
        <ErrorDetail>$4</ErrorDetail>
        <ErrorException>$2</ErrorException>
      </err:Error>
    </format>
    <args>
      <arg evaluator="xml" expression="get-property('ERROR_MESSAGE')" xmlns:ns="http://org.apache.synapse/xsd"/>
      <arg evaluator="xml" expression="get-property('ERROR_EXCEPTION')" xmlns:ns="http://org.apache.synapse/xsd"/>
      <arg evaluator="xml" expression="get-property('MessageTime')" xmlns:ns="http://org.apache.synapse/xsd"/>
      <arg evaluator="xml" expression="get-property('ERROR_DETAIL')" xmlns:ns="http://org.apache.synapse/xsd"/>
      <arg evaluator="xml" expression="get-property('ERROR_CODE')" xmlns:ns="http://org.apache.synapse/xsd"/>
      <arg evaluator="xml" expression="get-property('MessageId')" xmlns:ns="http://org.apache.synapse/xsd"/>
    </args>
  </payloadFactory>
  <log level="full" separator="--== Error Message ==--"/>
  <drop/>
</sequence>
