<?xml version="1.0" encoding="UTF-8"?>
<sequence name="SendRecaptchaResponseToGoogleVerificationAPI"
  trace="disable" xmlns="http://ws.apache.org/ns/synapse">
  <call-template description="Log-INFO" target="gov:com/commons/util/v1/templates/LoggerTemplate.xml">
    <with-param name="SequenceName" value="SendRecaptchaResponseToGoogleVerificationAPI"/>
    <with-param name="Message" value="Sending Recaptcha String Response To Google API."/>
    <with-param name="LogLevel" value="INFO"/>
  </call-template>
  <property description="ContentType" name="ContentType" scope="axis2"
    type="STRING" value="application/json"/>
  <property description="messageType" name="messageType" scope="axis2"
    type="STRING" value="application/json"/>
  <log level="full" separator="---==Going to Send the Response to google verification API==---"/>
  <property description="OUT_ONLY" name="OUT_ONLY" scope="default"
    type="STRING" value="false"/>
  <send>
    <endpoint key="gov:endpoints/GoogleRecaptchaVerificationEndpoint.xml"/>
  </send>
</sequence>
