<?xml version="1.0" encoding="UTF-8"?>
<sequence name="CheckDatabaseCount" trace="disable" xmlns="http://ws.apache.org/ns/synapse">
    <payloadFactory media-type="xml">
        <format>
            <GetContractCount xmlns=""/>
        </format>
        <args/>
    </payloadFactory>
    <header name="Action" scope="default" value="urn:GetContractCount"/>
    <call>
        <endpoint>
            <address uri="http://localhost:8280/services/RemoteDBProcedureTriggerData"/>
        </endpoint>
    </call>
    <property description="StoreContractCount" expression="//*[local-name()='ContractCount']" name="StoreContractCount" scope="default" type="STRING"/>
    <payloadFactory media-type="xml">
        <format>
            <GetDeliveryCount xmlns=""/>
        </format>
        <args/>
    </payloadFactory>
    <header name="Action" scope="default" value="urn:GetDeliveryCount"/>
    <call>
        <endpoint>
            <address uri="http://localhost:8280/services/RemoteDBProcedureTriggerData"/>
        </endpoint>
    </call>
    <property description="StoreDeliveryCount" expression="//*[local-name()='DeliveryCount']" name="StoreDeliveryCount" scope="default" type="STRING"/>
</sequence>
