<?xml version="1.0" encoding="UTF-8"?>
<sequence name="CreateClientData" trace="disable" xmlns="http://ws.apache.org/ns/synapse">
  <xslt description="CreateClientDataRequest" key="gov:nl/weintegrate/wealert/service/clientmanagement/v1/xslt/CreateClientCDMToClientDataRequest.xslt">
    <resource
      key="gov:nl/weintegrate/wealert/service/clientmanagement/v1/xslt/CreateClientCDMToClientDataRequest.xslt" location="CreateClientCDMToClientDataRequest.xslt"/>
  </xslt>
  <sequence key="SendRequestToClientData"/>
  <property expression="//*[local-name()='OrganizationId']"
    name="OrganizationId" scope="default" type="STRING"/>
  <filter description="ResponseCheckClientData" xpath="//*[local-name()='OrganizationId']!=''">
    <then>
      <payloadFactory description="RequestMessage" media-type="xml">
        <format>
          <soapenv:Envelope xmlns:soapenv="http://schemas.xmlsoap.org/soap/envelope/">
            <soapenv:Body>$1</soapenv:Body>
          </soapenv:Envelope>
        </format>
        <args>
          <arg evaluator="xml"
            expression="get-property('RequestMessage')" xmlns:ns="http://org.apache.synapse/xsd"/>
        </args>
      </payloadFactory>
      <xslt description="CreateAdminClientDataRequest" key="gov:nl/weintegrate/wealert/service/clientmanagement/v1/xslt/CreateClientAdminCDMToClientDataRequest.xslt">
        <property expression="get-property('OrganizationId')" name="OrganizationId"/>
        <property expression="get-property('MessageID')" name="UUId"/>
        <resource
          key="gov:nl/weintegrate/wealert/service/clientmanagement/v1/xslt/CreateClientAdminCDMToClientDataRequest.xslt" location="CreateClientAdminCDMToClientDataRequest.xslt"/>
      </xslt>
      <property description="UserDataOperationName"
        name="UserDataOperationName" scope="default" type="STRING" value="CreateUser"/>
      <sequence key="SendRequestToUserData"/>
    </then>
    <else>
      <payloadFactory description="CreateClientErrorResponse" media-type="xml">
        <format>
          <this:CreateClientResponse
            xmlns:address="http://www.w-integrate.nl/cdm/xsd/address_01"
            xmlns:applicationgroup="http://www.w-integrate.nl/cdm/xsd/applicationgroup_01"
            xmlns:channel="http://www.w-integrate.nl/cdm/xsd/communicationchannel_01"
            xmlns:cmm="http://www.w-integrate.nl/cmm/xsd/cmm_01"
            xmlns:organization="http://www.w-integrate.nl/cdm/xsd/organization_01"
            xmlns:person="http://www.w-integrate.nl/cdm/xsd/person_01"
            xmlns:role="http://www.w-integrate.nl/cdm/xsd/role_01"
            xmlns:this="http://www.w-integrate.nl/xsd/clientmanagement_01/requestresponse"
            xmlns:user="http://www.w-integrate.nl/cdm/xsd/user_01" xmlns:xsi="http://www.w3.org/2001/XMLSchema-instance">
            <this:Header>
              <cmm:CMMHeader>
                <cmm:CorrelationId>$1</cmm:CorrelationId>
              </cmm:CMMHeader>
            </this:Header>
            <this:Result>
              <cmm:ResponseCode>CM-E-1000</cmm:ResponseCode>
              <cmm:ResponseMessage>Error while creating Client.</cmm:ResponseMessage>
            </this:Result>
          </this:CreateClientResponse>
        </format>
        <args>
          <arg evaluator="xml"
            expression="get-property('CorrelationId')" xmlns:ns="http://org.apache.synapse/xsd"/>
        </args>
      </payloadFactory>
    </else>
  </filter>
</sequence>
