<?xml version="1.0" encoding="UTF-8"?>
<sequence name="DeleteUserOutSequence" trace="disable" xmlns="http://ws.apache.org/ns/synapse">
  <log level="full" separator="---=== DeleteUserOutSequence ===---"/>
  <property description="SequenceType" name="MessageFrom"
    scope="default" type="STRING" value="IAM"/>
  <property description="SequenceType" name="MessageDestination"
    scope="default" type="STRING" value="User"/>
  <filter xmlns:ns="http://org.apache.synapse/xsd" xpath="//*[local-name()='Value']='1'">
    <then>
      <payloadFactory description="GetUserRequest" media-type="xml">
        <format>
          <soapenv:Envelope xmlns:soapenv="http://schemas.xmlsoap.org/soap/envelope/">
            <soapenv:Body>
              <p:GetUserName xmlns:p="http://www.w-integrate.nl/data/service/user_01">
                <p:UserId>$1</p:UserId>
              </p:GetUserName>
            </soapenv:Body>
          </soapenv:Envelope>
        </format>
        <args>
          <arg evaluator="xml" expression="get-property('query.param.UserId')"/>
        </args>
      </payloadFactory>
      <property description="OUT_ONLY" name="OUT_ONLY" scope="default"
        type="STRING" value="false"/>
      <header name="Action" scope="default" value="urn:GetUserName"/>
      <call>
        <endpoint key="gov:nl/weintegrate/wealert/service/clientmanagement/v1/endpoint/CreateUserDataEndpoint.xml"/>
      </call>
      <property description="OrganizationDomain"
        expression="//*[local-name()='OrganizationDomain']"
        name="OrganizationDomain" scope="default" type="STRING"/>
      <property description="UserName"
        expression="//*[local-name()='UserName']" name="UserName"
        scope="default" type="STRING"/>
      <property description="OperationName" name="RequestOperationName"
        scope="default" type="STRING" value="DeleteUser"/>
      <sequence key="ConvertDeleteUserCDMRequestToIAMRequest"/>
      <sequence key="SendRequestToIAM"/>
      <sequence key="ConvertDeleteUserIAMResponseToCDMResponse"/>
      <sequence key="ClientManagementResponseSender"/>
    </then>
    <else>
      <payloadFactory media-type="xml">
        <format>
          <this:DeleteUserResponse
            xmlns:address="http://www.w-integrate.nl/cdm/xsd/address_01"
            xmlns:applicationgroup="http://www.w-integrate.nl/cdm/xsd/applicationgroup_01"
            xmlns:channel="http://www.w-integrate.nl/cdm/xsd/communicationchannel_01"
            xmlns:cmm="http://www.w-integrate.nl/cmm/xsd/cmm_01"
            xmlns:organization="http://www.w-integrate.nl/cdm/xsd/organization_01"
            xmlns:person="http://www.w-integrate.nl/cdm/xsd/person_01"
            xmlns:role="http://www.w-integrate.nl/cdm/xsd/role_01"
            xmlns:this="http://www.w-integrate.nl/xsd/clientmanagement_01/requestresponse"
            xmlns:user="http://www.w-integrate.nl/cdm/xsd/user_01" xmlns:xsi="http://www.w3.org/2001/XMLSchema-instance">
            <this:Header>
              <cmm:CMMHeader>
                <cmm:CorrelationId>$1</cmm:CorrelationId>
              </cmm:CMMHeader>
            </this:Header>
            <this:Result>
              <cmm:ResponseCode>CM-E-9999</cmm:ResponseCode>
              <cmm:ResponseMessage>Error while deleting User From the System.</cmm:ResponseMessage>
            </this:Result>
          </this:DeleteUserResponse>
        </format>
        <args>
          <arg evaluator="xml" expression="get-property('CorrelationId')"/>
        </args>
      </payloadFactory>
    </else>
  </filter>
</sequence>
