<?xml version="1.0" encoding="UTF-8"?>
<sequence name="GetUserName" trace="disable" xmlns="http://ws.apache.org/ns/synapse">
  <log description="Log-INFO" separator="---=== Going to Get UserName ===---"/>
  <property expression="count(//*[local-name()='UserId'])"
    name="USERID_COUNT" scope="default" type="STRING"/>
  <property name="ROOT" scope="default">
    <root:rootelement xmlns:root="www.wso2esb.com"/>
  </property>
  <iterate continueParent="true" description=""
    expression="//*[local-name()='UserId']" id="UserIds" sequential="true">
    <target>
      <sequence>
        <log description="Log-INFO" separator="---=== Inside Iterate ===---"/>
        <payloadFactory description="GetUserNameRequest" media-type="xml">
          <format>
            <soapenv:Envelope
              xmlns:soapenv="http://schemas.xmlsoap.org/soap/envelope/" xmlns:user="http://www.w-integrate.nl/data/service/user_01">
              <soapenv:Body>
                <user:GetUserName>
                  <user:UserId>$1</user:UserId>
                </user:GetUserName>
              </soapenv:Body>
            </soapenv:Envelope>
          </format>
          <args>
            <arg evaluator="xml" expression="//*[local-name()='UserId']"/>
          </args>
        </payloadFactory>
        <property description="UserDataOperation"
          name="UserDataOperationName" scope="default" type="STRING" value="GetUserName"/>
        <sequence key="SendRequestToUserData"/>
      </sequence>
    </target>
  </iterate>
</sequence>
