<?xml version="1.0" encoding="UTF-8"?>
<sequence name="GetUserInSequence" trace="disable" xmlns="http://ws.apache.org/ns/synapse">
  <log level="full" separator="---=== GetUserInSequence ===---"/>
  <property description="OperationName" name="UserDataOperationName"
    scope="default" type="STRING" value="GetUser"/>
  <property description="MessageFrom" name="MessageFrom" scope="default"
    type="STRING" value="User"/>
  <property description="MessageDestination" name="MessageDestination"
    scope="default" type="STRING" value="IAM"/>
  <property description="ResponseType"
    expression="get-property('transport', 'Accept')" name="ResponseType"
    scope="default" type="STRING" xmlns:ns="http://org.apache.synapse/xsd"/>
  <property description="ContentType" name="ContentType" scope="axis2"
    type="STRING" value="application/xml"/>
  <property description="messageType" name="messageType" scope="axis2"
    type="STRING" value="application/xml"/>
  <payloadFactory description="CDMRequest" media-type="xml">
    <format>
      <this:GetUserRequest
        xmlns:address="http://www.w-integrate.nl/cdm/xsd/address_01"
        xmlns:applicationgroup="http://www.w-integrate.nl/cdm/xsd/applicationgroup_01"
        xmlns:channel="http://www.w-integrate.nl/cdm/xsd/communicationchannel_01"
        xmlns:cmm="http://www.w-integrate.nl/cmm/xsd/cmm_01"
        xmlns:organization="http://www.w-integrate.nl/cdm/xsd/organization_01"
        xmlns:person="http://www.w-integrate.nl/cdm/xsd/person_01"
        xmlns:role="http://www.w-integrate.nl/cdm/xsd/role_01"
        xmlns:this="http://www.w-integrate.nl/xsd/clientmanagement_01/requestresponse" xmlns:user="http://www.w-integrate.nl/cdm/xsd/user_01">
        <this:Header>
          <cmm:CMMHeader>
            <cmm:CorrelationId>$2</cmm:CorrelationId>
          </cmm:CMMHeader>
        </this:Header>
        <this:ClientContext>
          <organization:OrganizationId>$3</organization:OrganizationId>
        </this:ClientContext>
        <user:UserName>$1</user:UserName>
      </this:GetUserRequest>
    </format>
    <args>
      <arg evaluator="xml" expression="get-property('query.param.UserName')"/>
      <arg evaluator="xml" expression="get-property('query.param.CorrelationId')"/>
      <arg evaluator="xml" expression="get-property('query.param.OrganizationId')"/>
    </args>
  </payloadFactory>
  <property description="CorrelationId"
    expression="//*[local-name()='CorrelationId']" name="CorrelationId"
    scope="default" type="STRING" xmlns:ns="http://org.apache.synapse/xsd"/>
  <sequence key="ValidateGetUserCDMRequest"/>
  <sequence key="ConvertGetUserCDMRequestToCDRequest"/>
  <sequence key="SendRequestToUserData"/>
</sequence>
