<?xml version="1.0" encoding="UTF-8"?>
<sequence name="SendRequestToIAM" trace="disable" xmlns="http://ws.apache.org/ns/synapse">
  <call-template description="" target="gov:com/commons/util/v1/templates/LoggerTemplate.xml">
    <with-param name="SequenceName" value="SendRequestToIAM"/>
    <with-param name="Message" value="Going to send Request to IAM."/>
    <with-param name="LogLevel" value="INFO"/>
  </call-template>
  <property description="ContentType" name="ContentType" scope="axis2"
    type="STRING" value="application/xml"/>
  <property description="messageType" name="messageType" scope="axis2"
    type="STRING" value="application/xml"/>
  <switch source="get-property('RequestOperationName')">
    <case regex="CreateUser">
      <property description="OUT_ONLY" name="OUT_ONLY" scope="default"
        type="STRING" value="false"/>
      <send>
        <endpoint key="gov:nl/weintegrate/wealert/service/clientmanagement/v1/endpoint/CreateUserIAMEndpoint.xml"/>
      </send>
    </case>
    <case regex="DeleteUser">
      <property description="OUT_ONLY" name="OUT_ONLY" scope="default"
        type="STRING" value="false"/>
      <call>
        <endpoint key="gov:nl/weintegrate/wealert/service/clientmanagement/v1/endpoint/DeleteUserIAMEndpoint.xml"/>
      </call>
    </case>
    <case regex="UpdateUser">
      <send/>
    </case>
    <case regex="CreateClient">
      <property description="OUT_ONLY" name="OUT_ONLY" scope="default"
        type="STRING" value="false"/>
      <send>
        <endpoint key="gov:nl/weintegrate/wealert/service/clientmanagement/v1/endpoint/CreateClientIAMEndpoint.xml"/>
      </send>
    </case>
    <case regex="UpdateClient">
      <send/>
    </case>
    <case regex="CreateApplicationGroup">
      <property description="OUT_ONLY" name="OUT_ONLY" scope="default"
        type="STRING" value="false"/>
      <send>
        <endpoint key="gov:nl/weintegrate/wealert/service/clientmanagement/v1/endpoint/CreateApplicationGroupIAMEndpoint.xml"/>
      </send>
    </case>
    <case regex="AssignUserToApplicationGroup">
      <property description="OUT_ONLY" name="OUT_ONLY" scope="default"
        type="STRING" value="false"/>
      <call>
        <endpoint key="gov:nl/weintegrate/wealert/service/clientmanagement/v1/endpoint/AddUserToApplicationGroupIAMEndpoint.xml"/>
      </call>
    </case>
    <case regex="DeleteApplicationGroup">
      <send/>
    </case>
    <case regex="DeleteUserFromApplicationGroup">
      <property description="OUT_ONLY" name="OUT_ONLY" scope="default"
        type="STRING" value="false"/>
      <call>
        <endpoint key="gov:nl/weintegrate/wealert/service/clientmanagement/v1/endpoint/DeleteUserFromApplicationGroupIAMEndpoint.xml"/>
      </call>
    </case>
    <default>
      <log category="WARN" level="full" separator="---=== Invalid Request ===---"/>
      <drop/>
    </default>
  </switch>
</sequence>
