<?xml version="1.0" encoding="UTF-8"?>
<sequence name="SendRequestToUserData" trace="disable" xmlns="http://ws.apache.org/ns/synapse">
  <call-template description="" target="gov:com/commons/util/v1/templates/LoggerTemplate.xml">
    <with-param name="SequenceName" value="SendRequestToUserData"/>
    <with-param name="Message" value="Going to send Request to UserData."/>
    <with-param name="LogLevel" value="INFO"/>
  </call-template>
  <header name="Accept" scope="transport" value="application/xml"/>
  <property description="ContentType" name="ContentType" scope="axis2"
    type="STRING" value="application/xml"/>
  <property description="messageType" name="messageType" scope="axis2"
    type="STRING" value="application/xml"/>
  <switch source="get-property('UserDataOperationName')">
    <case regex="CreateUser">
      <property description="OUT_ONLY" name="OUT_ONLY" scope="default"
        type="STRING" value="false"/>
      <header name="Action" scope="default" value="urn:CreateUser"/>
      <call>
        <endpoint key="gov:nl/weintegrate/wealert/service/clientmanagement/v1/endpoint/CreateUserDataEndpoint.xml"/>
      </call>
    </case>
    <case regex="ListUser">
      <property description="OUT_ONLY" name="OUT_ONLY" scope="default"
        type="STRING" value="false"/>
      <header name="Action" scope="default" value="urn:ListUser"/>
      <send>
        <endpoint key="gov:nl/weintegrate/wealert/service/clientmanagement/v1/endpoint/CreateUserDataEndpoint.xml"/>
      </send>
    </case>
    <case regex="GetUser">
      <property description="OUT_ONLY" name="OUT_ONLY" scope="default"
        type="STRING" value="false"/>
      <header name="Action" scope="default" value="urn:GetUser"/>
     <send>
        <endpoint key="gov:nl/weintegrate/wealert/service/clientmanagement/v1/endpoint/CreateUserDataEndpoint.xml"/>
      </send>
    </case>
    <case regex="GetUserName">
      <property description="OUT_ONLY" name="OUT_ONLY" scope="default"
        type="STRING" value="false"/>
      <header name="Action" scope="default" value="urn:GetUserName"/>
      <send>
        <endpoint key="gov:nl/weintegrate/wealert/service/clientmanagement/v1/endpoint/CreateUserDataEndpoint.xml"/>
      </send>
    </case>
    <case regex="DeleteUser">
      <property description="OUT_ONLY" name="OUT_ONLY" scope="default"
        type="STRING" value="false"/>
      <header name="Action" scope="default" value="urn:DeleteUser"/>
      <send>
        <endpoint key="gov:nl/weintegrate/wealert/service/clientmanagement/v1/endpoint/CreateUserDataEndpoint.xml"/>
      </send>
    </case>
    <case regex="UpdateUser">
      <send>
        <endpoint key="gov:nl/weintegrate/wealert/service/clientmanagement/v1/endpoint/CreateUserDataEndpoint.xml"/>
      </send>
    </case>
    <default>
      <call-template description="" target="gov:com/commons/util/v1/templates/LoggerTemplate.xml">
        <with-param name="SequenceName" value="SendRequestToUserData"/>
        <with-param name="Message" value="Operation Name not found"/>
        <with-param name="LogLevel" value="WARN"/>
      </call-template>
      <drop/>
    </default>
  </switch>
</sequence>
