<?xml version="1.0" encoding="UTF-8"?>
<sequence name="UpdateUserCMInSequence" trace="disable" xmlns="http://ws.apache.org/ns/synapse">
  <log level="full" separator="---=== UpdateUserInSequence ===---"/>
  <property description="OperationName" name="RequestOperationName"
    scope="default" type="STRING" value="UpdateUser"/>
  <property description="MessageFrom" name="MessageFrom" scope="default"
    type="STRING" value="Client"/>
  <property description="MessageDestination" name="MessageDestination"
    scope="default" type="STRING" value="IAM"/>
  <property description="ResponseType"
    expression="get-property('transport', 'Accept')" name="ResponseType"
    scope="default" type="STRING" xmlns:ns="http://org.apache.synapse/xsd"/>
  <property description="ContentType" name="ContentType" scope="axis2"
    type="STRING" value="application/xml"/>
  <property description="messageType" name="messageType" scope="axis2"
    type="STRING" value="application/xml"/>
  <sequence key="ValidateUpdateUserCDMCMRequest"/>
  <sequence key="ConvertUpdateUserCDMRequestToIAMRequest"/>
  <sequence key="SendRequestToIAM"/>
</sequence>
