<?xml version="1.0" encoding="UTF-8"?><artifacts>
    <artifact name="SynchronizeEmployeeDataPXS" groupId="com.example.SynchronizeEmployeeDataESB.proxy-service" version="1.0.0" type="synapse/proxy-service" serverRole="EnterpriseServiceBus">
        <file>src/main/synapse-config/proxy-services/SynchronizeEmployeeDataPXS.xml</file>
    </artifact>
    <artifact name="GetForEveryEmployeeContractTheContractLines" groupId="com.example.SynchronizeEmployeeDataESB.sequence" version="1.0.0" type="synapse/sequence" serverRole="EnterpriseServiceBus">
        <file>src/main/synapse-config/sequences/GetForEveryEmployeeContractTheContractLines.xml</file>
    </artifact>
    <artifact name="GetEmployeeContractLinesAPI" groupId="com.example.SynchronizeEmployeeDataESB.api" version="1.0.0" type="synapse/api" serverRole="EnterpriseServiceBus">
        <file>src/main/synapse-config/api/GetEmployeeContractLinesAPI.xml</file>
    </artifact>
    <artifact name="GetEmployeeContractLinesSEQ_IN" groupId="com.example.SynchronizeEmployeeDataESB.sequence" version="1.0.0" type="synapse/sequence" serverRole="EnterpriseServiceBus">
        <file>src/main/synapse-config/sequences/GetEmployeeContractLinesSEQ_IN.xml</file>
    </artifact>
    <artifact name="GetEmployeeContractLinesFromSDBEP" groupId="com.example.SynchronizeEmployeeDataESB.endpoint" version="1.0.0" type="synapse/endpoint" serverRole="EnterpriseServiceBus">
        <file>src/main/synapse-config/endpoints/GetEmployeeContractLinesFromSDBEP.xml</file>
    </artifact>
    <artifact name="GetEmployeeContractLinesSEQ_OUT" groupId="com.example.SynchronizeEmployeeDataESB.sequence" version="1.0.0" type="synapse/sequence" serverRole="EnterpriseServiceBus">
        <file>src/main/synapse-config/sequences/GetEmployeeContractLinesSEQ_OUT.xml</file>
    </artifact>
    <artifact name="SendEmployeeContractLineToEmployeeDSSSEQ" groupId="com.example.SynchronizeEmployeeDataESB.sequence" version="1.0.0" type="synapse/sequence" serverRole="EnterpriseServiceBus">
        <file>src/main/synapse-config/sequences/SendEmployeeContractLineToEmployeeDSSSEQ.xml</file>
    </artifact>
    <artifact name="FillEmployeeContractLinesTableSEQ" groupId="com.example.SynchronizeEmployeeDataESB.sequence" version="1.0.0" type="synapse/sequence" serverRole="EnterpriseServiceBus">
        <file>src/main/synapse-config/sequences/FillEmployeeContractLinesTableSEQ.xml</file>
    </artifact>
    <artifact name="GetAllEmployeesAPI" groupId="com.example.SynchronizeEmployeeDataESB.api" version="1.0.0" type="synapse/api" serverRole="EnterpriseServiceBus">
        <file>src/main/synapse-config/api/GetAllEmployeesAPI.xml</file>
    </artifact>
    <artifact name="GetAllEmployeesSEQ_IN" groupId="com.example.SynchronizeEmployeeDataESB.sequence" version="1.0.0" type="synapse/sequence" serverRole="EnterpriseServiceBus">
        <file>src/main/synapse-config/sequences/GetAllEmployeesSEQ_IN.xml</file>
    </artifact>
    <artifact name="GetAllEmployeesFromSDBEP" groupId="com.example.SynchronizeEmployeeDataESB.endpoint" version="1.0.0" type="synapse/endpoint" serverRole="EnterpriseServiceBus">
        <file>src/main/synapse-config/endpoints/GetAllEmployeesFromSDBEP.xml</file>
    </artifact>
    <artifact name="GetAllEmployeesSEQ_OUT" groupId="com.example.SynchronizeEmployeeDataESB.sequence" version="1.0.0" type="synapse/sequence" serverRole="EnterpriseServiceBus">
        <file>src/main/synapse-config/sequences/GetAllEmployeesSEQ_OUT.xml</file>
    </artifact>
    <artifact name="EmployeeDSSEP" groupId="com.example.SynchronizeEmployeeDataESB.endpoint" version="1.0.0" type="synapse/endpoint" serverRole="EnterpriseServiceBus">
        <file>src/main/synapse-config/endpoints/EmployeeDSSEP.xml</file>
    </artifact>
    <artifact name="FillEmployeeTableSEQ" groupId="com.example.SynchronizeEmployeeDataESB.sequence" version="1.0.0" type="synapse/sequence" serverRole="EnterpriseServiceBus">
        <file>src/main/synapse-config/sequences/FillEmployeeTableSEQ.xml</file>
    </artifact>
    <artifact name="PurgeEmployeeTablesSEQ" groupId="com.example.SynchronizeEmployeeDataESB.sequence" version="1.0.0" type="synapse/sequence" serverRole="EnterpriseServiceBus">
        <file>src/main/synapse-config/sequences/PurgeEmployeeTablesSEQ.xml</file>
    </artifact>
    <artifact name="GetAllEmployeeContractsAPI" groupId="com.example.SynchronizeEmployeeDataESB.api" version="1.0.0" type="synapse/api" serverRole="EnterpriseServiceBus">
        <file>src/main/synapse-config/api/GetAllEmployeeContractsAPI.xml</file>
    </artifact>
    <artifact name="GetAllEmployeeContractsSEQ_IN" groupId="com.example.SynchronizeEmployeeDataESB.sequence" version="1.0.0" type="synapse/sequence" serverRole="EnterpriseServiceBus">
        <file>src/main/synapse-config/sequences/GetAllEmployeeContractsSEQ_IN.xml</file>
    </artifact>
    <artifact name="GetAllEmployeeContractsFromSDBEP" groupId="com.example.SynchronizeEmployeeDataESB.endpoint" version="1.0.0" type="synapse/endpoint" serverRole="EnterpriseServiceBus">
        <file>src/main/synapse-config/endpoints/GetAllEmployeeContractsFromSDBEP.xml</file>
    </artifact>
    <artifact name="GetAllEmployeeContractsSEQ_OUT" groupId="com.example.SynchronizeEmployeeDataESB.sequence" version="1.0.0" type="synapse/sequence" serverRole="EnterpriseServiceBus">
        <file>src/main/synapse-config/sequences/GetAllEmployeeContractsSEQ_OUT.xml</file>
    </artifact>
    <artifact name="FillEmployeeContractTableSEQ" groupId="com.example.SynchronizeEmployeeDataESB.sequence" version="1.0.0" type="synapse/sequence" serverRole="EnterpriseServiceBus">
        <file>src/main/synapse-config/sequences/FillEmployeeContractTableSEQ.xml</file>
    </artifact>
    <artifact name="StoreEmployeeContractSEQ" groupId="com.example.SynchronizeEmployeeDataESB.sequence" version="1.0.0" type="synapse/sequence" serverRole="EnterpriseServiceBus">
        <file>src/main/synapse-config/sequences/StoreEmployeeContractSEQ.xml</file>
    </artifact>
    <artifact name="StoreEmployeesSEQ" groupId="com.example.SynchronizeEmployeeDataESB.sequence" version="1.0.0" type="synapse/sequence" serverRole="EnterpriseServiceBus">
        <file>src/main/synapse-config/sequences/StoreEmployeesSEQ.xml</file>
    </artifact>
    <artifact name="CorrectEmployeeTablesSEQ" groupId="com.example.SynchronizeEmployeeDataESB.sequence" version="1.0.0" type="synapse/sequence" serverRole="EnterpriseServiceBus">
        <file>src/main/synapse-config/sequences/CorrectEmployeeTablesSEQ.xml</file>
    </artifact>
    <artifact name="SynchronizeEmployeeTableSchedule" groupId="com.example.SynchronizeEmployeeDataESB.task" version="1.0.0" type="synapse/task" serverRole="EnterpriseServiceBus">
        <file>src/main/synapse-config/tasks/SynchronizeEmployeeTableSchedule.xml</file>
    </artifact>
</artifacts>
