<?xml version="1.0" encoding="UTF-8"?><artifacts>
    <artifact name="RemoteDBProcedureTriggerProcessor" groupId="nl.ggmd.wso2.remotedb.procedure.trigger.proxy-service" version="1.0.0" type="synapse/proxy-service" serverRole="EnterpriseServiceBus">
        <file>src/main/synapse-config/proxy-services/RemoteDBProcedureTriggerProcessor.xml</file>
    </artifact>
    <artifact name="RemoteDBProcedureTriggerScheduler" groupId="nl.ggmd.wso2.remotedb.procedure.trigger.task" version="1.0.0" type="synapse/task" serverRole="EnterpriseServiceBus">
        <file>src/main/synapse-config/tasks/RemoteDBProcedureTriggerScheduler.xml</file>
    </artifact>
    <artifact name="CheckDatabaseCount" groupId="nl.ggmd.wso2.remotedb.procedure.trigger.sequence" version="1.0.0" type="synapse/sequence" serverRole="EnterpriseServiceBus">
        <file>src/main/synapse-config/sequences/CheckDatabaseCount.xml</file>
    </artifact>
</artifacts>
