<?xml version="1.0" encoding="UTF-8"?>

<mule xmlns:scripting="http://www.mulesoft.org/schema/mule/scripting" xmlns:http="http://www.mulesoft.org/schema/mule/http"
	xmlns="http://www.mulesoft.org/schema/mule/core"
	xmlns:doc="http://www.mulesoft.org/schema/mule/documentation" xmlns:xsi="http://www.w3.org/2001/XMLSchema-instance" xsi:schemaLocation="http://www.mulesoft.org/schema/mule/core http://www.mulesoft.org/schema/mule/core/current/mule.xsd
http://www.mulesoft.org/schema/mule/http http://www.mulesoft.org/schema/mule/http/current/mule-http.xsd
http://www.mulesoft.org/schema/mule/scripting http://www.mulesoft.org/schema/mule/scripting/current/mule-scripting.xsd">
	<http:listener-config name="HTTP_Listener_config" doc:name="HTTP Listener config" doc:id="1f035ac1-8a38-4079-b0ec-ea3c94564af1" >
		<http:listener-connection host="0.0.0.0" port="8081" />
	</http:listener-config>
	<http:request-config name="medewerker_ds_config" doc:name="HTTP Request configuration" doc:id="b4895615-6e11-4268-9152-ad29acc197a8" doc:description="This is a global configuration that calls the http listener on port 6066">
		<http:request-connection host="localhost" port="6066"/>
	</http:request-config>
	<http:request-config name="sdb_srv_config" doc:name="HTTP Request configuration" doc:id="bc7b9359-a516-4a87-8d74-64db88a85d9d" doc:description="This configuration is the listener for the sdb_serv service and uses port 5082">
		<http:request-connection host="localhost" port="5082" />
	</http:request-config>
	<flow name="load_sdb_tables_orc" doc:id="8eced375-0530-4361-ba09-11686d971fc9" doc:description="This is the orchastrator that synchronises the sdb_load tables in GGMDLOAD database.
1. It empties the four tables.
2. It loads the medewerkers via a call to the medewerker_ds(A dataservice with a CRUD for the four tables)
3. To make sure the loading of the medewerkers is done it waits for 5 minutes.
4. Now it loads the medewerkeradressen.
5. Another wait step for 5 minutes so the loading of the medewerkersadressen is finished.
6. Now it loads the dienstverbanden.
7. Another wait step for 10 minutes so the loading of the diestverbanden is done.
8. Finally it loads the diensverbandperiodes.">
		<http:listener doc:name="Listener" doc:id="1333e5e5-37a4-492d-b60e-0f06b7c728a5" config-ref="HTTP_Listener_config" path="/test_load_sdb_tables"/>
		<http:request method="GET" doc:name="truncate_sdb_tables" doc:id="1e561b9a-533e-4f22-9245-0f59dd2fdced" config-ref="medewerker_ds_config" path="/truncate" doc:description="The medewerker_ds dataservice is called to run the stored procedure truncate_sdb_tables. The api call = http://localhost:6066/truncate"/>
		<http:request method="GET" doc:name="load_sdb_medewerkers" doc:id="adb18c4c-ddfc-456d-9dc4-e5bd7cae0aac" config-ref="sdb_srv_config" path="get_medewerkers_from_sdb"/>
		<scripting:execute doc:name="wait_for_load_sdb_medewerkers_finish" doc:id="3a34d8b8-c59c-4c1d-b6f7-860df8c402f5" doc:description="This step waits for as many miliseconds as defined in the sleep(300000). In this example it is 300 seconds. This should be enough to process the load_sdb_medewerkers." engine="groovy">
			<scripting:code >sleep(300000);</scripting:code>
		</scripting:execute>
		<http:request method="GET" doc:name="load_sdb_medewerkeradressen" doc:id="8bb02c21-1fa9-4f49-b341-8ce6b1de1720" config-ref="medewerker_ds_config" path="/get_medewerkers" doc:description="In the former step the medewerkers were retrieved and stored in the table load_sdb_medewerkers. Now we retrieve these medewerkers and send each record as a message to the queue medewerkers_queue on activemq. The sdb_srv_get_adressen flow listenes to this queue and will get the medewerker_adressen from sdb, sent it to the sdb_medewerker_adres_queue queue on activemq. The load_medewerker_adres in the medewerker_ds service picks up these messages and stores the addresses in the database in load_sdb_medewerkeradressen."/>
		<scripting:execute doc:name="wait_for_load_sdb_medewerkeradressen_finish" doc:id="10d84c2d-6cbf-436a-a1f3-16b29dd60149" doc:description="This step waits for as many miliseconds as defined in the sleep(300000). In this example it is 300 seconds. This should be enough to process the load_sdb_medewerkeradressen." engine="groovy">
			<scripting:code >sleep(300000);</scripting:code>
		</scripting:execute><http:request method="GET" doc:name="load_sdb_dienstverbanden" doc:id="a9b3a275-4e77-475e-8582-9a137e2ee5e2" config-ref="sdb_srv_config" path="/get_dienstverbanden_from_sdb" doc:description="The dienstverbanden per medewerker are retrieved from SDB without a medewerker id. We get alle medewerker_dienstverbanden from SDB. For that we call sdb_srv to call the sdb api that delivers the dienstverbanden. Once the dienstvervbanden are recieved, each row is stored as a message on the sdb_dienstverbanden_queue queue. The medewerker_ds has a proces that picks up these dienstverbanden and stores them in the table load_sdb_dienstverbanden"/>
		<scripting:execute doc:name="wait_for_load_sdb_dienstverbanden_finish" doc:id="02b779de-3c30-4f23-886a-0b0e670ad752" doc:description="This step waits for as many miliseconds as defined in the sleep(300000). In this example it is 600 seconds. This should be enough to process the load_sdb_dienstverbanden." engine="groovy">
			<scripting:code >sleep(600000);</scripting:code>
		</scripting:execute>
		<http:request method="GET" doc:name="load_sdb_dienstverbandperiodes" doc:id="d58f0f56-6d96-45da-9f3d-bea2f1e42d80" config-ref="medewerker_ds_config" path="get_dienstverbanden" doc:description="In the former step the dienstverbanden were retrieved and stored in the table load_sdb_dienstverbanden. Now we retrieve these dienstverbanden and send each record as a message to the queue dienstverbanden_queue on activemq. The sdb_srv_get_dienstverband_periodes flow listenes to this queue and will get the dienstverbandperiodes from sdb, sent it to the sdb_dienstverbandperiodes_queue queue on activemq. The load_dienstverbandperiodes in the medewerker_ds service picks up these messages and stores the addresses in the database in load_sdb_medewerkeradressen."/>
		<logger level="INFO" doc:name="Logger" doc:id="5427c515-28e6-4e00-81e0-d758941a5459" message="**load_sdb_tables_done**"/>
	</flow>
</mule>
