<?xml version="1.0" encoding="UTF-8"?>

<mule xmlns:db="http://www.mulesoft.org/schema/mule/db" xmlns:http="http://www.mulesoft.org/schema/mule/http"
	xmlns="http://www.mulesoft.org/schema/mule/core"
	xmlns:doc="http://www.mulesoft.org/schema/mule/documentation" xmlns:xsi="http://www.w3.org/2001/XMLSchema-instance" xsi:schemaLocation="http://www.mulesoft.org/schema/mule/core http://www.mulesoft.org/schema/mule/core/current/mule.xsd
http://www.mulesoft.org/schema/mule/http http://www.mulesoft.org/schema/mule/http/current/mule-http.xsd
http://www.mulesoft.org/schema/mule/db http://www.mulesoft.org/schema/mule/db/current/mule-db.xsd">
	<http:request-config name="call_medewerker_ds" doc:name="HTTP Request configuration" doc:id="fd68ae8f-fe3f-47e6-8c4a-33c277039e1d" >
		<http:request-connection host="localhost" port="8066" />
	</http:request-config>
	<http:request-config name="retieve_medewerkers" doc:name="HTTP Request configuration" doc:id="1b1c9867-e749-4287-bd95-2ec2ff7cbe22" >
		<http:request-connection protocol="HTTPS" host="api.sdbstart.nl" />
	</http:request-config>
	<http:request-config name="retrieve_dienstverbanden" doc:name="HTTP Request configuration" doc:id="7e0687b8-ebf7-4577-8350-6f1047faaf24" >
		<http:request-connection protocol="HTTPS" host="api.sdbstart.nl" />
	</http:request-config>
	<db:config name="dev_sql" doc:name="Database Config" doc:id="f4657867-7d5d-4d2f-a4e5-801ffb35dcfd" >
		<db:my-sql-connection host="localhost" port="3306" user="root" password="welcome123" database="GGMDLOAD" />
	</db:config>
	<http:request-config name="retieve_dienstverbandperiodes" doc:name="HTTP Request configuration" doc:id="565690ce-1119-4eff-9ca9-9d25e5ff42cf" basePath="#[vars.id]" >
		<http:request-connection protocol="HTTPS" host="api.sdbstart.nl" />
	</http:request-config>
	<db:config name="local-sql" doc:name="Database Config" doc:id="e4487fa7-8d9e-493a-95d7-d8f56f96ff7d" >
		<db:my-sql-connection host="localhost" port="3306" user="root" password="WorkOracle2019" database="GGMDKPI" />
	</db:config>
	<http:request-config name="retrieve_medewerkeradressen" doc:name="HTTP Request configuration" doc:id="589707bd-dd65-40e9-98ad-c89b7797e8b7" basePath="#[vars.uri_id]" >
		<http:request-connection protocol="HTTPS" host="api.sdbstart.nl" />
	</http:request-config>
	<sub-flow name="retrievemedewerkeradressen" doc:id="d9377475-7c39-4cd4-975a-828ad422f098" >
		<db:select doc:name="Select" doc:id="6ad2e571-ea29-4f65-9ab1-226d786a8529" config-ref="dev_sql">
			<db:sql >SELECT Id FROM GGMDLOAD.load_sdb_medewerkers</db:sql>
		</db:select>
		<foreach doc:name="For Each" doc:id="3f4ab539-af60-46e7-85a7-74e2a3baab78" collection="payload">
			<set-variable value="#['/api/adressen/' ++ payload.Id]" doc:name="Set Variable" doc:id="cb100e1f-3e02-4e6a-8b52-36182a456e6b" variableName="uri_id"/>
			<set-variable value="#[output application/java --- payload.Id]" doc:name="Set Variable" doc:id="96e0fa12-cf80-4b27-961d-67ef54e797e5" variableName="employee_id"/>
			<try doc:name="Try" doc:id="2fd3dec4-b199-4915-8be0-7069d9667769" >
				<http:request method="GET" doc:name="Request" doc:id="2f5ca812-415f-4cd5-944f-d64715f2a36d" config-ref="retrieve_medewerkeradressen" path="/">
					<http:headers ><![CDATA[#[output application/java
---
{
	"Accept" : "application/xml",
	"messageType" : "application/xml",
	"Authentication" : "7460:hl8dkwie+b/AtivOh9OwN313/08O2YSIkrulzM1s3nE=",
	"Klantnummer" : "7460",
	"Timestamp" : "31-05-2018 08:54:07.038"
}]]]></http:headers>
				</http:request>
				<error-handler >
					<on-error-continue enableNotifications="true" logException="true" doc:name="On Error Continue" doc:id="0f2975de-cd89-456f-a7ef-3f7295faa72f" type="HTTP:INTERNAL_SERVER_ERROR"/>
				</error-handler>
			</try>
			<set-payload value="#[output application/xml --- Adres: {adress: payload.Adres, id: vars.employee_id}]" doc:name="Set Payload" doc:id="27a660ff-cba2-4e6d-af7a-7e425adc35f8" />
			<choice doc:name="Choice" doc:id="88f928f0-e497-40dd-be02-fda516f90a4f" >
				<when expression="#[payload.Adres.adress != null]">
					<http:request method="POST" doc:name="Request" doc:id="35c62049-779a-4931-9923-0b080920b149" config-ref="call_medewerker_ds" path="/adressen"/>
				</when>
				<otherwise >
					<logger level="INFO" doc:name="Logger" doc:id="c0f3be8d-c1d0-41b6-8190-002a7cf991a4" message="no adress for this medewerker or empty"/>
				</otherwise>
			</choice>
		</foreach>
	</sub-flow>
	<sub-flow name="retrievedienstverbandperiodes" doc:id="d83cc3e7-b96e-4912-9480-a7f685effe09" >
		<db:select doc:name="Select" doc:id="e24216ed-5307-4273-914c-47740e9a8e93" config-ref="dev_sql">
			<db:sql >SELECT Id FROM GGMDLOAD.load_sdb_dienstverbanden</db:sql>
		</db:select>
		<foreach doc:name="For Each" doc:id="436dfc78-4501-445f-b986-8a6c4dd25851" collection="payload">
			<set-variable value="#['/api/dienstverbandperiodes/' ++ payload.Id]" doc:name="Set Variable" doc:id="391b0f76-2d67-4015-961f-40b28b4e31c6" variableName="id"/>
			<http:request method="GET" doc:name="Request" doc:id="ae4fa735-30f3-4a63-bcc8-feb303b6b42a" config-ref="retieve_dienstverbandperiodes" path="/">
				<http:headers ><![CDATA[#[output application/java
---
{
	"Accept" : "application/xml",
	"messageType" : "application/xml",
	"Authentication" : "7460:hl8dkwie+b/AtivOh9OwN313/08O2YSIkrulzM1s3nE=",
	"Klantnummer" : "7460",
	"Timestamp" : "31-05-2018 08:54:07.038"
}]]]></http:headers>
			</http:request>
			<choice doc:name="Choice" doc:id="b7855a37-3901-49c7-8d8b-1afbe631b8c6" >
				<when expression="#[payload.ArrayOfDienstverbandPeriode != null]">
					<foreach doc:name="For Each" doc:id="c35ab99d-c7fb-4d96-8472-a7b49af87a5f" collection="payload.ArrayOfDienstverbandPeriode">
						<http:request method="POST" doc:name="Request" doc:id="932bea9a-c87e-45cf-a51a-85cbb28c20c2" config-ref="call_medewerker_ds" path="/dienstverbandperiodes" targetValue="#[output application/json --- payload]"/>
					</foreach>
				</when>
				<otherwise >
					<logger level="INFO" doc:name="Logger" doc:id="3cff66e7-6f78-46c0-978c-889b87814916" message="this payload does not contain periodes"/>
				</otherwise>
			</choice>
		</foreach>
	</sub-flow>
	<sub-flow name="retrievedienstverbanden" doc:id="7865feaf-2724-43ba-82bb-16b6184472a7" >
		<http:request method="GET" doc:name="Request" doc:id="b5730810-0ffb-48f4-af05-ad9423c575a0" config-ref="retrieve_dienstverbanden" path="/api/dienstverbanden">
			<http:headers ><![CDATA[#[output application/java
---
{
	"Accept" : "application/xml",
	"messageType" : "application/xml",
	"Authentication" : "7460:hl8dkwie+b/AtivOh9OwN313/08O2YSIkrulzM1s3nE=",
	"Klantnummer" : "7460",
	"Timestamp" : "31-05-2018 08:54:07.038"
}]]]></http:headers>
		</http:request>
		<foreach doc:name="For Each" doc:id="28f132f4-31ea-46aa-a190-3d7404c9d995" collection="payload.ArrayOfDienstverband">
			<http:request method="POST" doc:name="call load dienstverbanden" doc:id="c2439f7b-83d0-4cd9-a581-0ebbe5714bf6" config-ref="call_medewerker_ds" path="/dienstverband" targetValue="#[output application/json --- payload]"/>
		</foreach>
	</sub-flow>
	<sub-flow name="retrievemedewerkers" doc:id="943e5852-f59d-4610-bfe2-a6088f7e50de" >
		<http:request method="GET" doc:name="Request" doc:id="fb3f9b23-9e17-4897-8e86-b16ab2f5f5ea" config-ref="retieve_medewerkers" path="/api/medewerkers">
			<http:headers ><![CDATA[#[output application/java
---
{
	"Accept" : "application/xml",
	"messageType" : "application/xml",
	"Authentication" : "7460:hl8dkwie+b/AtivOh9OwN313/08O2YSIkrulzM1s3nE=",
	"Klantnummer" : "7460",
	"Timestamp" : "31-05-2018 08:54:07.038"
}]]]></http:headers>
		</http:request>
		<foreach doc:name="For Each" doc:id="4edb0984-7868-410f-b124-de695bd02a07" collection="payload.ArrayOfMedewerker">
			<http:request method="POST" doc:name="call load medewerkers" doc:id="4ac4c2f1-7a06-4fde-921d-c94519fd20b4" config-ref="call_medewerker_ds" path="/medewerker" targetValue="#[output application/json --- payload]"/>
		</foreach>
	</sub-flow>
	<sub-flow name="truncate" doc:id="759c1779-bd53-4122-a342-8b1300e389fe" >
		<http:request method="GET" doc:name="truncate" doc:id="09af6f5e-ba4e-458c-ad66-7a23df787da7" config-ref="call_medewerker_ds" path="/truncate"/>
	</sub-flow>
	<flow name="synchronizes_sdb_medewerkersFlow" doc:id="eb493541-1aa6-47cd-9816-7f40152c40d1" >
		<scheduler doc:name="Schedual load processes" doc:id="17ae0c68-580f-48ea-95e9-270372968f49" >
			<scheduling-strategy >
				<cron expression="0 5 11 ? * *" />
			</scheduling-strategy>
		</scheduler>
		<flow-ref doc:name="truncate" doc:id="eec3398a-0dd1-4a97-a75d-c33c1dd8ddc7" name="truncate"/>
		<flow-ref doc:name="retrieve medewerkers" doc:id="c6edadcc-fcd7-4719-8b9d-87cbb2718d88" name="retrievemedewerkers"/>
		<flow-ref doc:name="retrieve dienstverbanden" doc:id="b255a003-7a77-47b5-9dd2-2eb1c37bc0a0" name="retrievedienstverbanden"/>
		<flow-ref doc:name="retrieve dienstverbandperiodes" doc:id="0593a8bf-8772-43e9-b0de-9154131fd22b" name="retrievedienstverbandperiodes"/>
		<flow-ref doc:name="retrieve medewerkeradressen" doc:id="23a8f30d-4177-47fa-8f80-66a66d58f7e5" name="retrievemedewerkeradressen" />
	</flow>
</mule>
