<?xml version="1.0" encoding="UTF-8"?>
<sequence name="DeleteExpireDeviceTokenInSequence" trace="disable" xmlns="http://ws.apache.org/ns/synapse">
    <log description="Delete Device Sequence Start" separator="   ---===  Delete Expire Device Token From Database Sequence Start   ===--- "/>
    <property description="Device Token Delete URL Property" name="uri.var.deleteDeviceUrl" scope="default" type="STRING" value="PUSH_NOTIFICATIONMANAGER_TO_DEVICEMANAGEMENTAPI_URL/devices/unregister"/>
    <payloadFactory media-type="json">
        <format>{&#xd;
			"UnregisterDeviceRequest":{&#xd;
				"DeviceIdentifiers":{&#xd;
					"DeviceIdentifier": $1&#xd;
					}&#xd;
				}&#xd;
			}
        </format>
        <args>
            <arg evaluator="xml" expression="get-property('uri.var.deviceIdDelete')"/>
        </args>
    </payloadFactory>
    <header name="Accept" scope="transport" value="application/json"/>
    <header name="Content-Type" scope="transport" value="application/json"/>
    <log category="DEBUG" description="Log-INFO" level="full" separator="---==**** Unregister Device Payload ==----">
        <property expression="/" name="devicePayload"/>
    </log>
    <call>
        <endpoint>
            <http method="post" uri-template="{uri.var.deleteDeviceUrl}"/>
        </endpoint>
    </call>
    <log description="Delete Device Sequence End" level="custom" separator="   ---===   Delete device token sequence ends   ===---   "/>
</sequence>
