<?xml version="1.0" encoding="UTF-8"?>
<sequence name="GetDeviceTokenFromUsernameInSequence" trace="disable" xmlns="http://ws.apache.org/ns/synapse">
    <log description="Start Log" separator="---=== Get Device Token In Sequence Start ===---"/>
    <property description="device Token Property" name="uri.var.getDeviceToken" scope="default" type="STRING" value="PUSH_NOTIFICATIONMANAGER_TO_DEVICEMANAGEMENTAPI_URL/users/devices"/>
    <payloadFactory media-type="json">
        <format>{&#xd;
        	"GetDevicePerUserRequest":{&#xd;
				"UserNames":{&#xd;
					"UserName":$1&#xd;
					}&#xd;
				}&#xd;
        	}
        </format>
        <args>
            <arg evaluator="xml" expression="get-property('uri.var.userName')"/>
        </args>
    </payloadFactory>
    <!--  <header name="Authorization" scope="transport" value="Bearer c505e8f7-ecb3-346f-8216-f906965edc17"/> -->
    <header name="Accept" scope="transport" value="application/json"/>
    <header name="Content-Type" scope="transport" value="application/json"/>
    <call blocking="true">
        <endpoint>
            <http method="post" uri-template="{uri.var.getDeviceToken}"/>
        </endpoint>
    </call>
    <log category="DEBUG" level="custom" separator="#######    Response Recive From Device Management Componect   ######">
        <property expression="json-eval($)" name="Response"/>
    </log>
    <filter regex="DM-W-0001" source="//jsonObject/GetDeviceResponse/Result/ResponseCode">
        <then>
            <payloadFactory media-type="json">
                <format>{&#xd;
	"PushNotificationManagerResponse" : {&#xd;
                    "ResponseCode":"PNM-W-0002",&#xd;
                    "ResponseMessage":"Unable to send notification as the user does not exist."&#xd;
	}&#xd;
}
                </format>
                <args/>
            </payloadFactory>
            <loopback/>
        </then>
        <else>
            <log level="full"/>
        </else>
    </filter>
    <log separator="   ---=== Get Device Token In Sequence End ===---   "/>
</sequence>
