<?xml version="1.0" encoding="UTF-8"?>
<sequence name="PushNotificationInSequence" trace="disable" xmlns="http://ws.apache.org/ns/synapse">
    <log description="PushNotificationInSequence Log" separator="---=== Push Notification In Sequence Start ===---"/>
    <property description="Save Notification Payload" expression="json-eval($.APNSProviderServiceRequest.notification)" name="request.save_notification_payload" scope="default" type="STRING"/>
    <property description="Save Usernames" expression="json-eval($.APNSProviderServiceRequest.username)" name="uri.var.userName" scope="default" type="STRING"/>
    <sequence key="GetDeviceTokenFromUsernameInSequence"/>
    <property description="Save DeviceTokens" expression="json-eval($..DeviceIdentifier)" name="deviceTokens" scope="default" type="STRING"/>
    <sequence key="SendRequestNotificationToProviderInSequence"/>
    <property description="Save Provider ResponseCode" expression="json-eval($.APNSProviderServiceResponse.ResponseCode)" name="providerResponseCode" scope="default" type="STRING"/>
    <property description="Save ResponseMessage" expression="json-eval($.APNSProviderServiceResponse.ResponseMessage)" name="providerResponseMessage" scope="default" type="STRING"/>
    <log category="DEBUG" description="before sending response" level="custom" separator="### Before Sending Response To Client ###">
        <property expression="/" name="BeforeSendingResponse"/>
    </log>
    <switch description="" source="get-property('providerResponseCode')">
        <case regex="APS-N-0000">
            <payloadFactory description="Success Response" media-type="json">
                <format>{&#xd;
	"PushNotificationManagerResponse" : {&#xd;
		"ResponseCode":"PNM-N-0000",&#xd;
		"ResponseMessage":"Notification successfully sent."&#xd;
	}&#xd;
}</format>
                <args/>
            </payloadFactory>
        </case>
        <case regex="APS-W-0001">
            <property description="Username Save Property" expression="json-eval($..BadTokens)" name="uri.var.deviceIdDelete" scope="default" type="STRING"/>
            <sequence key="DeleteExpireDeviceTokenInSequence"/>
            <filter regex="DM-N-0000" source="json-eval($.UnregisterDeviceResponse.Result.ResponseCode)">
                <then>
                    <payloadFactory media-type="json">
                        <format>{&#xd;
	"PushNotificationManagerResponse" : {&#xd;
		"ResponseCode":"PNM-W-0000",&#xd;
		"ResponseMessage":"Device token is expired."&#xd;
	}&#xd;
}</format>
                        <args/>
                    </payloadFactory>
                </then>
                <else>
                    <payloadFactory media-type="json">
                        <format>{&#xd;
	"PushNotificationManagerResponse" : {&#xd;
		"ResponseCode":"PNM-E-0006",&#xd;
	"ResponseMessage":"An unknown error occurred while deleting device token from the database. Device token must exist in the database."&#xd;
	}&#xd;
}</format>
                        <args/>
                    </payloadFactory>
                </else>
            </filter>
        </case>
        <case regex="APS-E-0001">
            <payloadFactory media-type="json">
                <format>{&#xd;
        "PushNotificationManagerResponse": {&#xd;
            "ResponseCode": "PNM-E-0001",&#xd;
            "ResponseMessage": "$1"&#xd;
        }&#xd;
    }</format>
                <args>
                    <arg evaluator="xml" expression="get-property('providerResponseMessage')"/>
                </args>
            </payloadFactory>
        </case>
        <case regex="APS-E-0002">
            <payloadFactory media-type="json">
                <format>{&#xd;
        "PushNotificationManagerResponse": {&#xd;
            "ResponseCode": "PNM-E-0002",&#xd;
            "ResponseMessage": "$1".&#xd;
        }&#xd;
    }</format>
                <args>
                    <arg evaluator="xml" expression="get-property('providerResponseMessage')"/>
                </args>
            </payloadFactory>
        </case>
        <case regex="APS-E-0003">
            <payloadFactory media-type="json">
                <format>{&#xd;
        "PushNotificationManagerResponse": {&#xd;
            "ResponseCode": "PNM-E-0003",&#xd;
            "ResponseMessage": "$1".&#xd;
        }&#xd;
    }</format>
                <args>
                    <arg evaluator="xml" expression="get-property('providerResponseMessage')"/>
                </args>
            </payloadFactory>
        </case>
        <case regex="APS-E-0004">
            <payloadFactory media-type="json">
                <format>{&#xd;
        "PushNotificationManagerResponse": {&#xd;
            "ResponseCode": "PNM-E-0004",&#xd;
            "ResponseMessage": "$1".&#xd;
        }&#xd;
    }</format>
                <args>
                    <arg evaluator="xml" expression="get-property('providerResponseMessage')"/>
                </args>
            </payloadFactory>
        </case>
        <case regex="APS-E-0005">
            <payloadFactory media-type="json">
                <format>{&#xd;
        "PushNotificationManagerResponse": {&#xd;
            "ResponseCode": "PNM-E-0005",&#xd;
            "ResponseMessage": "$1".&#xd;
        }&#xd;
    }</format>
                <args>
                    <arg evaluator="xml" expression="get-property('providerResponseMessage')"/>
                </args>
            </payloadFactory>
        </case>
        <default>
            <payloadFactory media-type="json">
                <format>{&#xd;
		"PushNotificationManagerResponse" : {&#xd;
		"ResponseCode":"PNM-E-0000",&#xd;
		"ResponseMessage":"Failed to complete the sequence."&#xd;
	}&#xd;
}</format>
                <args/>
            </payloadFactory>
        </default>
    </switch>
    <respond/>
</sequence>
