<?xml version="1.0" encoding="UTF-8"?>
<sequence name="SendRequestNotificationToProviderInSequence" trace="disable" xmlns="http://ws.apache.org/ns/synapse">
    <log separator="   ---===         Start  provider request sequence          ===---   "/>
    <payloadFactory media-type="json">
        <format>{&#xd;
"device_ids":$1,&#xd;
"notification":$2&#xd;
}</format>
        <args>
            <arg evaluator="xml" expression="get-property('deviceTokens')"/>
            <arg evaluator="xml" expression="get-property('request.save_notification_payload')"/>
        </args>
    </payloadFactory>
    <!--     <property description="SetOutOnly" name="OUT_ONLY" scope="default" type="STRING" value="true"/>
         <property action="remove" description="RemoveClientApiNonBlocking" name="ClientApiNonBlocking" scope="axis2"/> -->
    <log category="DEBUG" description="Log-INFO" level="full" separator="---== APNS PAYLOAD ==---">
        <property expression="/" name="property_name"/>
    </log>
    <call>
        <endpoint>
            <http method="post" uri-template="PUSH_NOTIFICATIONMANAGER_APNS_PROVIDER_ENDPOINT"/>
        </endpoint>
    </call>
    <log separator="   ---=== Send NotificationRequest to provider end ===---  "/>
</sequence>
