<?xml version="1.0" encoding="UTF-8"?>

<mule xmlns:db="http://www.mulesoft.org/schema/mule/db" xmlns:http="http://www.mulesoft.org/schema/mule/http"
	xmlns="http://www.mulesoft.org/schema/mule/core"
	xmlns:doc="http://www.mulesoft.org/schema/mule/documentation" xmlns:xsi="http://www.w3.org/2001/XMLSchema-instance" xsi:schemaLocation="http://www.mulesoft.org/schema/mule/core http://www.mulesoft.org/schema/mule/core/current/mule.xsd
http://www.mulesoft.org/schema/mule/http http://www.mulesoft.org/schema/mule/http/current/mule-http.xsd
http://www.mulesoft.org/schema/mule/db http://www.mulesoft.org/schema/mule/db/current/mule-db.xsd">
	<http:listener-config name="pbi_workdelivery_ds_config" doc:name="HTTP Listener config" doc:id="c672e40d-cfa2-46ab-927f-272940b0d9ed" basePath="/pbi_workdelivery_ds/">
		<http:listener-connection host="0.0.0.0" port="6004" />
	</http:listener-config>
	<db:config name="Database_Config" doc:name="Database Config" doc:id="a0f33732-27d0-4ac1-bc8b-03a94f6ea569" >
		<db:my-sql-connection host="127.0.0.1" port="3306" user="GGMD" password="nhf64tw2!dcDDn" database="GGMDRULES" />
	</db:config>
	<flow name="pbi_workdelivery_ds" doc:id="aab2d07c-def8-4f53-9094-042f9920877c" >
		<http:listener doc:name="pbi_workdelivery_ds_endpoint" doc:id="e5511558-3750-4d0a-a729-aa4ff9be6ede" config-ref="pbi_workdelivery_ds_config" path="/get_deliveries" doc:description="All actions are called through this listener."/>
		<db:select doc:name="retrieve_pbi_workdelivery_rows" doc:id="120c334b-faed-4280-b982-527ecf3633c4" config-ref="Database_Config">
			<non-repeatable-iterable />
			<db:sql >select * from GGMDRULES.pbi_WorkDelivery</db:sql>
		</db:select>
		<set-payload value='#[output application/json --- pbi_WorkDeliveries: {pbi_WorkDelivery: payload}]' doc:name="Set Payload" doc:id="3513703e-ecd4-4029-817f-e590de334f64" />
		<logger level="INFO" doc:name="log_end" doc:id="19744361-e03e-48a1-a489-6e5812f6d62e" message="**end_of_pbi_workdelivery_flow"/>
	</flow>
</mule>
